"PROJECT","#TRAIN_RELEASES","ADDONS","CLASSIFIER","KAPPA","PRECISION","RECALL","AUC","TP","FP","TN","FN"
"zookeeper","mean","Best_First_Bidirectional","Naive Bayes","0.30591818598865717","0.8489776707958961","0.3070945287243835","0.7406551067458912","29.95","5.9","164.05","68.25"
"zookeeper","mean","Best_First_Bidirectional","IBK","0.14553667225128022","0.6850886635420819","0.19683294910709231","0.6713229956625171","19.05","12.6","157.35","79.15"
"zookeeper","mean","Best_First_Bidirectional","Random Forest","0.1382636491223732","0.7228920436469761","0.17054717805342934","0.6941953643582861","16.75","9.1","160.85","81.45"
"zookeeper","mean","Best_First_BidirectionalUnder_Sampling","Naive Bayes","0.336568132462288","0.7993508216996711","0.366704883645358","0.7376304174098622","35.4","9.8","160.15","62.8"
"zookeeper","mean","Best_First_BidirectionalUnder_Sampling","IBK","0.22745333683183538","0.5787172644053411","0.41148354420306543","0.6485540489098129","39.45","32.6","137.35","58.75"
"zookeeper","mean","Best_First_BidirectionalUnder_Sampling","Random Forest","0.25345125808746954","0.6090065749534394","0.4040161400859269","0.7093388174728633","38.8","27.75","142.2","59.4"
"zookeeper","mean","Best_First_BidirectionalOver_Sampling","Naive Bayes","0.33381931464688763","0.8103820933973284","0.35668861317715467","0.7384919882122235","34.6","9.05","160.9","63.6"
"zookeeper","mean","Best_First_BidirectionalOver_Sampling","IBK","0.1484857817631771","0.6402137146382619","0.22150344261320018","0.6604942358027797","21.4","16.5","153.45","76.8"
"zookeeper","mean","Best_First_BidirectionalOver_Sampling","Random Forest","0.14459732555735114","0.6477131549316245","0.20661653580292022","0.6637896571617629","20.1","14.15","155.8","78.1"
"zookeeper","mean","Best_First_BidirectionalSensitive_Classifier_FP_Cost_1","Naive Bayes","0.3551358377931657","0.7966822941671778","0.3926315369273553","0.6637268871551147","38.05","11.35","158.6","60.15"
"zookeeper","mean","Best_First_BidirectionalSensitive_Classifier_FP_Cost_1","IBK","0.1346986445858688","0.6234558299514313","0.20244837762685405","0.5616258772355022","19.65","15.3","154.65","78.55"
"zookeeper","mean","Best_First_BidirectionalSensitive_Classifier_FP_Cost_1","Random Forest","0.2862983007187248","0.6449367956932166","0.45258796676040136","0.6411915846709817","43.45","31.4","138.55","54.75"
"zookeeper","mean","Best_First_BidirectionalSensitive_Classifier_FP_Cost_3","Naive Bayes","0.3551358377931657","0.7966822941671778","0.3926315369273553","0.6637268871551147","38.05","11.35","158.6","60.15"
"zookeeper","mean","Best_First_BidirectionalSensitive_Classifier_FP_Cost_3","IBK","0.1346986445858688","0.6234558299514313","0.20244837762685405","0.5616258772355022","19.65","15.3","154.65","78.55"
"zookeeper","mean","Best_First_BidirectionalSensitive_Classifier_FP_Cost_3","Random Forest","0.2862983007187248","0.6449367956932166","0.45258796676040136","0.6411915846709817","43.45","31.4","138.55","54.75"
"zookeeper","mean","Best_First_BidirectionalSensitive_Learning_FP_Cost_1","Naive Bayes","0.35480003594617265","0.7968466077017446","0.39207598137179966","0.7406551067458912","38.0","11.3","158.65","60.2"
"zookeeper","mean","Best_First_BidirectionalSensitive_Learning_FP_Cost_1","IBK","0.1346986445858688","0.6234558299514313","0.20244837762685405","0.6713191376378258","19.65","15.3","154.65","78.55"
"zookeeper","mean","Best_First_BidirectionalSensitive_Learning_FP_Cost_1","Random Forest","0.20947278060540678","0.6563813115654591","0.30863718451037414","0.715179739141933","29.95","21.0","148.95","68.25"
"zookeeper","mean","None","Naive Bayes","0.288619180330649","0.8407823527543746","0.2975503615314966","0.7335709736147524","29.0","7.05","162.9","69.2"
"zookeeper","mean","None","IBK","0.15809265779153378","0.6754588179133045","0.21852035738012981","0.6695815961912379","21.15","14.05","155.9","77.05"
"zookeeper","mean","None","Random Forest","0.1582237749943242","0.7251083635316652","0.19010534222278158","0.7052261008622115","18.65","9.55","160.4","79.55"
"zookeeper","2","Best_First_Bidirectional","Naive Bayes","0.26640215388975474","0.9259259259259259","0.29411764705882354","0.7823529411764706","25.0","2.0","80.0","60.0"
"zookeeper","2","Best_First_Bidirectional","IBK","0.12701328058773662","0.9230769230769231","0.1411764705882353","0.6946197991391678","12.0","1.0","81.0","73.0"
"zookeeper","2","Best_First_Bidirectional","Random Forest","0.16044749699072428","0.7916666666666666","0.2235294117647059","0.7398134863701579","19.0","5.0","77.0","66.0"
"zookeeper","2","Best_First_BidirectionalUnder_Sampling","Naive Bayes","0.3708863458667994","0.8809523809523809","0.43529411764705883","0.7830703012912482","37.0","5.0","77.0","48.0"
"zookeeper","2","Best_First_BidirectionalUnder_Sampling","IBK","0.17780948983232248","0.6333333333333333","0.4470588235294118","0.6190817790530847","38.0","22.0","60.0","47.0"
"zookeeper","2","Best_First_BidirectionalUnder_Sampling","Random Forest","0.39229397074562977","0.7833333333333333","0.5529411764705883","0.7608321377331421","47.0","13.0","69.0","38.0"
"zookeeper","2","Best_First_BidirectionalOver_Sampling","Naive Bayes","0.3359840954274354","0.8918918918918919","0.38823529411764707","0.7868723098995696","33.0","4.0","78.0","52.0"
"zookeeper","2","Best_First_BidirectionalOver_Sampling","IBK","0.1502473498233217","0.9333333333333333","0.16470588235294117","0.6685796269727403","14.0","1.0","81.0","71.0"
"zookeeper","2","Best_First_BidirectionalOver_Sampling","Random Forest","0.19609231204870453","0.8695652173913043","0.23529411764705882","0.6988522238163558","20.0","3.0","79.0","65.0"
"zookeeper","2","Best_First_BidirectionalSensitive_Classifier_FP_Cost_1","Naive Bayes","0.33570109390538433","0.8717948717948718","0.4","0.6695121951219513","34.0","5.0","77.0","51.0"
"zookeeper","2","Best_First_BidirectionalSensitive_Classifier_FP_Cost_1","IBK","0.12701328058773662","0.9230769230769231","0.1411764705882353","0.5644906743185079","12.0","1.0","81.0","73.0"
"zookeeper","2","Best_First_BidirectionalSensitive_Classifier_FP_Cost_1","Random Forest","0.40484675694939404","0.8181818181818182","0.5294117647058824","0.7037302725968436","45.0","10.0","72.0","40.0"
"zookeeper","2","Best_First_BidirectionalSensitive_Classifier_FP_Cost_3","Naive Bayes","0.33570109390538433","0.8717948717948718","0.4","0.6695121951219513","34.0","5.0","77.0","51.0"
"zookeeper","2","Best_First_BidirectionalSensitive_Classifier_FP_Cost_3","IBK","0.12701328058773662","0.9230769230769231","0.1411764705882353","0.5644906743185079","12.0","1.0","81.0","73.0"
"zookeeper","2","Best_First_BidirectionalSensitive_Classifier_FP_Cost_3","Random Forest","0.40484675694939404","0.8181818181818182","0.5294117647058824","0.7037302725968436","45.0","10.0","72.0","40.0"
"zookeeper","2","Best_First_BidirectionalSensitive_Learning_FP_Cost_1","Naive Bayes","0.33570109390538433","0.8717948717948718","0.4","0.7823529411764706","34.0","5.0","77.0","51.0"
"zookeeper","2","Best_First_BidirectionalSensitive_Learning_FP_Cost_1","IBK","0.12701328058773662","0.9230769230769231","0.1411764705882353","0.6946197991391678","12.0","1.0","81.0","73.0"
"zookeeper","2","Best_First_BidirectionalSensitive_Learning_FP_Cost_1","Random Forest","0.21907326059231966","0.8518518518518519","0.27058823529411763","0.7230272596843615","23.0","4.0","78.0","62.0"
"zookeeper","2","None","Naive Bayes","0.24338099957525128","0.9565217391304348","0.25882352941176473","0.7170731707317073","22.0","1.0","81.0","63.0"
"zookeeper","2","None","IBK","0.11540363019987285","0.9166666666666666","0.12941176470588237","0.6063845050215209","11.0","1.0","81.0","74.0"
"zookeeper","2","None","Random Forest","0.10341904492794574","0.8461538461538461","0.12941176470588237","0.7874461979913917","11.0","2.0","80.0","74.0"
"zookeeper","3","Best_First_Bidirectional","Naive Bayes","0.17350113122171953","0.9411764705882353","0.18823529411764706","0.7466284074605452","16.0","1.0","81.0","69.0"
"zookeeper","3","Best_First_Bidirectional","IBK","0.11502861584116447","0.8571428571428571","0.1411764705882353","0.6936154949784792","12.0","2.0","80.0","73.0"
"zookeeper","3","Best_First_Bidirectional","Random Forest","0.011555806087936842","1.0","0.011764705882352941","0.8129124820659971","1.0","0.0","82.0","84.0"
"zookeeper","3","Best_First_BidirectionalUnder_Sampling","Naive Bayes","0.2879476975554293","0.8048780487804879","0.38823529411764707","0.7538020086083214","33.0","8.0","74.0","52.0"
"zookeeper","3","Best_First_BidirectionalUnder_Sampling","IBK","0.2740682676548137","0.7222222222222222","0.4588235294117647","0.6433285509325681","39.0","15.0","67.0","46.0"
"zookeeper","3","Best_First_BidirectionalUnder_Sampling","Random Forest","0.31021222048141295","0.7647058823529411","0.4588235294117647","0.7743185078909612","39.0","12.0","70.0","46.0"
"zookeeper","3","Best_First_BidirectionalOver_Sampling","Naive Bayes","0.26640215388975474","0.9259259259259259","0.29411764705882354","0.7497847919655667","25.0","2.0","80.0","60.0"
"zookeeper","3","Best_First_BidirectionalOver_Sampling","IBK","0.11502861584116447","0.8571428571428571","0.1411764705882353","0.5780487804878048","12.0","2.0","80.0","73.0"
"zookeeper","3","Best_First_BidirectionalOver_Sampling","Random Forest","0.03468208092485553","1.0","0.03529411764705882","0.7227403156384505","3.0","0.0","82.0","82.0"
"zookeeper","3","Best_First_BidirectionalSensitive_Classifier_FP_Cost_1","Naive Bayes","0.26640215388975474","0.9259259259259259","0.29411764705882354","0.6348637015781923","25.0","2.0","80.0","60.0"
"zookeeper","3","Best_First_BidirectionalSensitive_Classifier_FP_Cost_1","IBK","0.11502861584116447","0.8571428571428571","0.1411764705882353","0.5583931133428981","12.0","2.0","80.0","73.0"
"zookeeper","3","Best_First_BidirectionalSensitive_Classifier_FP_Cost_1","Random Forest","0.4181184668989548","0.9090909090909091","0.47058823529411764","0.7109038737446198","40.0","4.0","78.0","45.0"
"zookeeper","3","Best_First_BidirectionalSensitive_Classifier_FP_Cost_3","Naive Bayes","0.26640215388975474","0.9259259259259259","0.29411764705882354","0.6348637015781923","25.0","2.0","80.0","60.0"
"zookeeper","3","Best_First_BidirectionalSensitive_Classifier_FP_Cost_3","IBK","0.11502861584116447","0.8571428571428571","0.1411764705882353","0.5583931133428981","12.0","2.0","80.0","73.0"
"zookeeper","3","Best_First_BidirectionalSensitive_Classifier_FP_Cost_3","Random Forest","0.4181184668989548","0.9090909090909091","0.47058823529411764","0.7109038737446198","40.0","4.0","78.0","45.0"
"zookeeper","3","Best_First_BidirectionalSensitive_Learning_FP_Cost_1","Naive Bayes","0.26640215388975474","0.9259259259259259","0.29411764705882354","0.7466284074605452","25.0","2.0","80.0","60.0"
"zookeeper","3","Best_First_BidirectionalSensitive_Learning_FP_Cost_1","IBK","0.11502861584116447","0.8571428571428571","0.1411764705882353","0.6936154949784792","12.0","2.0","80.0","73.0"
"zookeeper","3","Best_First_BidirectionalSensitive_Learning_FP_Cost_1","Random Forest","0.05742909552702129","0.8571428571428571","0.07058823529411765","0.8253228120516499","6.0","1.0","81.0","79.0"
"zookeeper","3","None","Naive Bayes","0.22006793093688085","0.9523809523809523","0.23529411764705882","0.7543041606886657","20.0","1.0","81.0","65.0"
"zookeeper","3","None","IBK","0.1731503748762202","0.8947368421052632","0.2","0.7028694404591105","17.0","2.0","80.0","68.0"
"zookeeper","3","None","Random Forest","-4.2286278102757034E-4","0.5","0.011764705882352941","0.8303443328550932","1.0","1.0","81.0","84.0"
"zookeeper","4","Best_First_Bidirectional","Naive Bayes","0.31823647294589175","0.868421052631579","0.3626373626373626","0.7641287284144427","33.0","5.0","93.0","58.0"
"zookeeper","4","Best_First_Bidirectional","IBK","0.1633802816901407","0.75","0.23076923076923078","0.5990692980488899","21.0","7.0","91.0","70.0"
"zookeeper","4","Best_First_Bidirectional","Random Forest","0.1831383622428398","0.8636363636363636","0.2087912087912088","0.740244449428123","19.0","3.0","95.0","72.0"
"zookeeper","4","Best_First_BidirectionalUnder_Sampling","Naive Bayes","0.36457917830075787","0.82","0.45054945054945056","0.7654743215967705","41.0","9.0","89.0","50.0"
"zookeeper","4","Best_First_BidirectionalUnder_Sampling","IBK","0.30659818253654675","0.6756756756756757","0.5494505494505495","0.6398295581969051","50.0","24.0","74.0","41.0"
"zookeeper","4","Best_First_BidirectionalUnder_Sampling","Random Forest","0.36119873817034703","0.6962025316455697","0.6043956043956044","0.7265642520744562","55.0","24.0","74.0","36.0"
"zookeeper","4","Best_First_BidirectionalOver_Sampling","Naive Bayes","0.3425149700598801","0.8125","0.42857142857142855","0.7664274501009195","39.0","9.0","89.0","52.0"
"zookeeper","4","Best_First_BidirectionalOver_Sampling","IBK","0.16405307599517477","0.7333333333333333","0.24175824175824176","0.587407490468715","22.0","8.0","90.0","69.0"
"zookeeper","4","Best_First_BidirectionalOver_Sampling","Random Forest","0.2397425583266291","0.8620689655172413","0.27472527472527475","0.7205090827539807","25.0","4.0","94.0","66.0"
"zookeeper","4","Best_First_BidirectionalSensitive_Classifier_FP_Cost_1","Naive Bayes","0.3314696485623003","0.8085106382978723","0.4175824175824176","0.6628728414442701","38.0","9.0","89.0","53.0"
"zookeeper","4","Best_First_BidirectionalSensitive_Classifier_FP_Cost_1","IBK","0.1633802816901407","0.75","0.23076923076923078","0.5796703296703297","21.0","7.0","91.0","70.0"
"zookeeper","4","Best_First_BidirectionalSensitive_Classifier_FP_Cost_1","Random Forest","0.3820047355958959","0.7142857142857143","0.6043956043956044","0.6899529042386185","55.0","22.0","76.0","36.0"
"zookeeper","4","Best_First_BidirectionalSensitive_Classifier_FP_Cost_3","Naive Bayes","0.3314696485623003","0.8085106382978723","0.4175824175824176","0.6628728414442701","38.0","9.0","89.0","53.0"
"zookeeper","4","Best_First_BidirectionalSensitive_Classifier_FP_Cost_3","IBK","0.1633802816901407","0.75","0.23076923076923078","0.5796703296703297","21.0","7.0","91.0","70.0"
"zookeeper","4","Best_First_BidirectionalSensitive_Classifier_FP_Cost_3","Random Forest","0.3820047355958959","0.7142857142857143","0.6043956043956044","0.6899529042386185","55.0","22.0","76.0","36.0"
"zookeeper","4","Best_First_BidirectionalSensitive_Learning_FP_Cost_1","Naive Bayes","0.3314696485623003","0.8085106382978723","0.4175824175824176","0.7641287284144427","38.0","9.0","89.0","53.0"
"zookeeper","4","Best_First_BidirectionalSensitive_Learning_FP_Cost_1","IBK","0.1633802816901407","0.75","0.23076923076923078","0.5990692980488899","21.0","7.0","91.0","70.0"
"zookeeper","4","Best_First_BidirectionalSensitive_Learning_FP_Cost_1","Random Forest","0.26618705035971224","0.7555555555555555","0.37362637362637363","0.7532518501906257","34.0","11.0","87.0","57.0"
"zookeeper","4","None","Naive Bayes","0.3304","0.8372093023255814","0.3956043956043956","0.7365440681767212","36.0","7.0","91.0","55.0"
"zookeeper","4","None","IBK","0.19694533762057873","0.7741935483870968","0.26373626373626374","0.6003027584660238","24.0","7.0","91.0","67.0"
"zookeeper","4","None","Random Forest","0.2484872932634126","1.0","0.24175824175824176","0.7577932271809823","22.0","0.0","98.0","69.0"
"zookeeper","5","Best_First_Bidirectional","Naive Bayes","0.3038260456273765","0.8529411764705882","0.3372093023255814","0.7687401219236848","29.0","5.0","98.0","57.0"
"zookeeper","5","Best_First_Bidirectional","IBK","0.1849544801149977","0.7692307692307693","0.23255813953488372","0.6527432829081057","20.0","6.0","97.0","66.0"
"zookeeper","5","Best_First_Bidirectional","Random Forest","0.19381195554220473","0.8260869565217391","0.22093023255813954","0.7274779860013547","19.0","4.0","99.0","67.0"
"zookeeper","5","Best_First_BidirectionalUnder_Sampling","Naive Bayes","0.32527652601392865","0.7551020408163265","0.43023255813953487","0.7293971551140213","37.0","12.0","91.0","49.0"
"zookeeper","5","Best_First_BidirectionalUnder_Sampling","IBK","0.1935186253027333","0.59375","0.4418604651162791","0.6448408218559494","38.0","26.0","77.0","48.0"
"zookeeper","5","Best_First_BidirectionalUnder_Sampling","Random Forest","0.31895850284784383","0.7142857142857143","0.46511627906976744","0.7230187401219237","40.0","16.0","87.0","46.0"
"zookeeper","5","Best_First_BidirectionalOver_Sampling","Naive Bayes","0.33301964474767676","0.7954545454545454","0.4069767441860465","0.7640550914427636","35.0","9.0","94.0","51.0"
"zookeeper","5","Best_First_BidirectionalOver_Sampling","IBK","0.19872215919269112","0.7586206896551724","0.2558139534883721","0.6732332354933394","22.0","7.0","96.0","64.0"
"zookeeper","5","Best_First_BidirectionalOver_Sampling","Random Forest","0.1882605583392985","0.7333333333333333","0.2558139534883721","0.6997629261684353","22.0","8.0","95.0","64.0"
"zookeeper","5","Best_First_BidirectionalSensitive_Classifier_FP_Cost_1","Naive Bayes","0.3578207381370827","0.7916666666666666","0.4418604651162791","0.6723865432377512","38.0","10.0","93.0","48.0"
"zookeeper","5","Best_First_BidirectionalSensitive_Classifier_FP_Cost_1","IBK","0.1849544801149977","0.7692307692307693","0.23255813953488372","0.5871528561752088","20.0","6.0","97.0","66.0"
"zookeeper","5","Best_First_BidirectionalSensitive_Classifier_FP_Cost_1","Random Forest","0.3576242871133129","0.7076923076923077","0.5348837209302325","0.6752088507563784","46.0","19.0","84.0","40.0"
"zookeeper","5","Best_First_BidirectionalSensitive_Classifier_FP_Cost_3","Naive Bayes","0.3578207381370827","0.7916666666666666","0.4418604651162791","0.6723865432377512","38.0","10.0","93.0","48.0"
"zookeeper","5","Best_First_BidirectionalSensitive_Classifier_FP_Cost_3","IBK","0.1849544801149977","0.7692307692307693","0.23255813953488372","0.5871528561752088","20.0","6.0","97.0","66.0"
"zookeeper","5","Best_First_BidirectionalSensitive_Classifier_FP_Cost_3","Random Forest","0.3576242871133129","0.7076923076923077","0.5348837209302325","0.6752088507563784","46.0","19.0","84.0","40.0"
"zookeeper","5","Best_First_BidirectionalSensitive_Learning_FP_Cost_1","Naive Bayes","0.3578207381370827","0.7916666666666666","0.4418604651162791","0.7687401219236848","38.0","10.0","93.0","48.0"
"zookeeper","5","Best_First_BidirectionalSensitive_Learning_FP_Cost_1","IBK","0.1849544801149977","0.7692307692307693","0.23255813953488372","0.6527432829081057","20.0","6.0","97.0","66.0"
"zookeeper","5","Best_First_BidirectionalSensitive_Learning_FP_Cost_1","Random Forest","0.3225806451612902","0.7777777777777778","0.4069767441860465","0.751975615263039","35.0","10.0","93.0","51.0"
"zookeeper","5","None","Naive Bayes","0.278453829634932","0.8666666666666667","0.3023255813953488","0.7338564009934523","26.0","4.0","99.0","60.0"
"zookeeper","5","None","IBK","0.16908269961977193","0.6764705882352942","0.26744186046511625","0.6446714834048318","23.0","11.0","92.0","63.0"
"zookeeper","5","None","Random Forest","0.18162136155881645","0.8181818181818182","0.20930232558139536","0.725333032287198","18.0","4.0","99.0","68.0"
"zookeeper","6","Best_First_Bidirectional","Naive Bayes","0.27947504302925974","0.8333333333333334","0.32608695652173914","0.7539855072463768","30.0","6.0","99.0","62.0"
"zookeeper","6","Best_First_Bidirectional","IBK","0.26528295767796334","0.896551724137931","0.2826086956521739","0.6618530020703933","26.0","3.0","102.0","66.0"
"zookeeper","6","Best_First_Bidirectional","Random Forest","0.20027063599458722","0.8148148148148148","0.2391304347826087","0.7547619047619047","22.0","5.0","100.0","70.0"
"zookeeper","6","Best_First_BidirectionalUnder_Sampling","Naive Bayes","0.28248527048741284","0.7857142857142857","0.358695652173913","0.7596790890269152","33.0","9.0","96.0","59.0"
"zookeeper","6","Best_First_BidirectionalUnder_Sampling","IBK","0.42198470082783196","0.7432432432432432","0.5978260869565217","0.7142857142857143","55.0","19.0","86.0","37.0"
"zookeeper","6","Best_First_BidirectionalUnder_Sampling","Random Forest","0.39888468013468015","0.75","0.5543478260869565","0.7793995859213251","51.0","17.0","88.0","41.0"
"zookeeper","6","Best_First_BidirectionalOver_Sampling","Naive Bayes","0.28248527048741284","0.7857142857142857","0.358695652173913","0.7412525879917184","33.0","9.0","96.0","59.0"
"zookeeper","6","Best_First_BidirectionalOver_Sampling","IBK","0.25620280474649415","0.84375","0.29347826086956524","0.6584886128364389","27.0","5.0","100.0","65.0"
"zookeeper","6","Best_First_BidirectionalOver_Sampling","Random Forest","0.289574250497874","0.8571428571428571","0.32608695652173914","0.7424430641821946","30.0","5.0","100.0","62.0"
"zookeeper","6","Best_First_BidirectionalSensitive_Classifier_FP_Cost_1","Naive Bayes","0.31557004650168374","0.8","0.391304347826087","0.6527950310559006","36.0","9.0","96.0","56.0"
"zookeeper","6","Best_First_BidirectionalSensitive_Classifier_FP_Cost_1","IBK","0.26528295767796334","0.896551724137931","0.2826086956521739","0.6270186335403727","26.0","3.0","102.0","66.0"
"zookeeper","6","Best_First_BidirectionalSensitive_Classifier_FP_Cost_1","Random Forest","0.407221664994985","0.7777777777777778","0.532608695652174","0.6996376811594203","49.0","14.0","91.0","43.0"
"zookeeper","6","Best_First_BidirectionalSensitive_Classifier_FP_Cost_3","Naive Bayes","0.31557004650168374","0.8","0.391304347826087","0.6527950310559006","36.0","9.0","96.0","56.0"
"zookeeper","6","Best_First_BidirectionalSensitive_Classifier_FP_Cost_3","IBK","0.26528295767796334","0.896551724137931","0.2826086956521739","0.6270186335403727","26.0","3.0","102.0","66.0"
"zookeeper","6","Best_First_BidirectionalSensitive_Classifier_FP_Cost_3","Random Forest","0.407221664994985","0.7777777777777778","0.532608695652174","0.6996376811594203","49.0","14.0","91.0","43.0"
"zookeeper","6","Best_First_BidirectionalSensitive_Learning_FP_Cost_1","Naive Bayes","0.31557004650168374","0.8","0.391304347826087","0.7539855072463768","36.0","9.0","96.0","56.0"
"zookeeper","6","Best_First_BidirectionalSensitive_Learning_FP_Cost_1","IBK","0.26528295767796334","0.896551724137931","0.2826086956521739","0.6618530020703933","26.0","3.0","102.0","66.0"
"zookeeper","6","Best_First_BidirectionalSensitive_Learning_FP_Cost_1","Random Forest","0.35858019749132636","0.8297872340425532","0.42391304347826086","0.7832815734989648","39.0","8.0","97.0","53.0"
"zookeeper","6","None","Naive Bayes","0.2885786665229343","0.8787878787878788","0.31521739130434784","0.75351966873706","29.0","4.0","101.0","63.0"
"zookeeper","6","None","IBK","0.2551582586151021","0.8666666666666667","0.2826086956521739","0.6545031055900621","26.0","4.0","101.0","66.0"
"zookeeper","6","None","Random Forest","0.26528295767796334","0.896551724137931","0.2826086956521739","0.7690476190476191","26.0","3.0","102.0","66.0"
"zookeeper","7","Best_First_Bidirectional","Naive Bayes","0.36139783609003867","0.7551020408163265","0.4111111111111111","0.7345804988662131","37.0","12.0","135.0","53.0"
"zookeeper","7","Best_First_Bidirectional","IBK","0.22681673599217025","0.5892857142857143","0.36666666666666664","0.6376795162509449","33.0","23.0","124.0","57.0"
"zookeeper","7","Best_First_Bidirectional","Random Forest","0.2275034038866195","0.6078431372549019","0.34444444444444444","0.7031368102796675","31.0","20.0","127.0","59.0"
"zookeeper","7","Best_First_BidirectionalUnder_Sampling","Naive Bayes","0.395334710241769","0.7288135593220338","0.4777777777777778","0.7515495086923658","43.0","16.0","131.0","47.0"
"zookeeper","7","Best_First_BidirectionalUnder_Sampling","IBK","0.31319661168078466","0.5612244897959183","0.6111111111111112","0.635071806500378","55.0","43.0","104.0","35.0"
"zookeeper","7","Best_First_BidirectionalUnder_Sampling","Random Forest","0.23300970873786409","0.5217391304347826","0.5333333333333333","0.7040438397581255","48.0","44.0","103.0","42.0"
"zookeeper","7","Best_First_BidirectionalOver_Sampling","Naive Bayes","0.33774753978860417","0.6779661016949152","0.4444444444444444","0.7264550264550265","40.0","19.0","128.0","50.0"
"zookeeper","7","Best_First_BidirectionalOver_Sampling","IBK","0.2213513834461465","0.5507246376811594","0.4222222222222222","0.6224489795918368","38.0","31.0","116.0","52.0"
"zookeeper","7","Best_First_BidirectionalOver_Sampling","Random Forest","0.18770923003347673","0.5303030303030303","0.3888888888888889","0.6841269841269841","35.0","31.0","116.0","55.0"
"zookeeper","7","Best_First_BidirectionalSensitive_Classifier_FP_Cost_1","Naive Bayes","0.3849964614295824","0.6666666666666666","0.5333333333333333","0.6850340136054421","48.0","24.0","123.0","42.0"
"zookeeper","7","Best_First_BidirectionalSensitive_Classifier_FP_Cost_1","IBK","0.2147878787878788","0.5666666666666667","0.37777777777777777","0.600453514739229","34.0","26.0","121.0","56.0"
"zookeeper","7","Best_First_BidirectionalSensitive_Classifier_FP_Cost_1","Random Forest","0.3329725048711843","0.5535714285714286","0.6888888888888889","0.6743764172335601","62.0","50.0","97.0","28.0"
"zookeeper","7","Best_First_BidirectionalSensitive_Classifier_FP_Cost_3","Naive Bayes","0.3849964614295824","0.6666666666666666","0.5333333333333333","0.6850340136054421","48.0","24.0","123.0","42.0"
"zookeeper","7","Best_First_BidirectionalSensitive_Classifier_FP_Cost_3","IBK","0.2147878787878788","0.5666666666666667","0.37777777777777777","0.600453514739229","34.0","26.0","121.0","56.0"
"zookeeper","7","Best_First_BidirectionalSensitive_Classifier_FP_Cost_3","Random Forest","0.3329725048711843","0.5535714285714286","0.6888888888888889","0.6743764172335601","62.0","50.0","97.0","28.0"
"zookeeper","7","Best_First_BidirectionalSensitive_Learning_FP_Cost_1","Naive Bayes","0.3849964614295824","0.6666666666666666","0.5333333333333333","0.7345804988662131","48.0","24.0","123.0","42.0"
"zookeeper","7","Best_First_BidirectionalSensitive_Learning_FP_Cost_1","IBK","0.2147878787878788","0.5666666666666667","0.37777777777777777","0.6376795162509449","34.0","26.0","121.0","56.0"
"zookeeper","7","Best_First_BidirectionalSensitive_Learning_FP_Cost_1","Random Forest","0.3073291366906476","0.5638297872340425","0.5888888888888889","0.7128117913832199","53.0","41.0","106.0","37.0"
"zookeeper","7","None","Naive Bayes","0.28346837586165186","0.6229508196721312","0.4222222222222222","0.7062358276643991","38.0","23.0","124.0","52.0"
"zookeeper","7","None","IBK","0.18838965218467613","0.5686274509803921","0.32222222222222224","0.6387755102040816","29.0","22.0","125.0","61.0"
"zookeeper","7","None","Random Forest","0.2688748173404774","0.6206896551724138","0.4","0.7026077097505669","36.0","22.0","125.0","54.0"
"zookeeper","8","Best_First_Bidirectional","Naive Bayes","0.2705583974551863","0.7105263157894737","0.3103448275862069","0.7184286146400484","27.0","11.0","141.0","60.0"
"zookeeper","8","Best_First_Bidirectional","IBK","0.13812479033881242","0.5106382978723404","0.27586206896551724","0.5974364791288567","24.0","23.0","129.0","63.0"
"zookeeper","8","Best_First_Bidirectional","Random Forest","0.0639542920333595","0.5714285714285714","0.09195402298850575","0.6771400483968542","8.0","6.0","146.0","79.0"
"zookeeper","8","Best_First_BidirectionalUnder_Sampling","Naive Bayes","0.27047651348143115","0.6744186046511628","0.3333333333333333","0.7086358136721113","29.0","14.0","138.0","58.0"
"zookeeper","8","Best_First_BidirectionalUnder_Sampling","IBK","0.10317249744153428","0.43023255813953487","0.42528735632183906","0.5434815486993345","37.0","49.0","103.0","50.0"
"zookeeper","8","Best_First_BidirectionalUnder_Sampling","Random Forest","0.15634791575774404","0.4852941176470588","0.3793103448275862","0.6525635208711433","33.0","35.0","117.0","54.0"
"zookeeper","8","Best_First_BidirectionalOver_Sampling","Naive Bayes","0.27047651348143115","0.6744186046511628","0.3333333333333333","0.7104885057471264","29.0","14.0","138.0","58.0"
"zookeeper","8","Best_First_BidirectionalOver_Sampling","IBK","0.13517447905835367","0.5","0.28735632183908044","0.5837870538415003","25.0","25.0","127.0","62.0"
"zookeeper","8","Best_First_BidirectionalOver_Sampling","Random Forest","0.11183491452804617","0.53125","0.19540229885057472","0.6474213551119177","17.0","15.0","137.0","70.0"
"zookeeper","8","Best_First_BidirectionalSensitive_Classifier_FP_Cost_1","Naive Bayes","0.3641795931731675","0.6964285714285714","0.4482758620689655","0.6682168784029038","39.0","17.0","135.0","48.0"
"zookeeper","8","Best_First_BidirectionalSensitive_Classifier_FP_Cost_1","IBK","0.11529343259992497","0.48","0.27586206896551724","0.5524047186932849","24.0","26.0","126.0","63.0"
"zookeeper","8","Best_First_BidirectionalSensitive_Classifier_FP_Cost_1","Random Forest","0.28434977068566875","0.5465116279069767","0.5402298850574713","0.6418254688445251","47.0","39.0","113.0","40.0"
"zookeeper","8","Best_First_BidirectionalSensitive_Classifier_FP_Cost_3","Naive Bayes","0.3641795931731675","0.6964285714285714","0.4482758620689655","0.6682168784029038","39.0","17.0","135.0","48.0"
"zookeeper","8","Best_First_BidirectionalSensitive_Classifier_FP_Cost_3","IBK","0.11529343259992497","0.48","0.27586206896551724","0.5524047186932849","24.0","26.0","126.0","63.0"
"zookeeper","8","Best_First_BidirectionalSensitive_Classifier_FP_Cost_3","Random Forest","0.28434977068566875","0.5465116279069767","0.5402298850574713","0.6418254688445251","47.0","39.0","113.0","40.0"
"zookeeper","8","Best_First_BidirectionalSensitive_Learning_FP_Cost_1","Naive Bayes","0.3641795931731675","0.6964285714285714","0.4482758620689655","0.7184286146400484","39.0","17.0","135.0","48.0"
"zookeeper","8","Best_First_BidirectionalSensitive_Learning_FP_Cost_1","IBK","0.11529343259992497","0.48","0.27586206896551724","0.5974364791288567","24.0","26.0","126.0","63.0"
"zookeeper","8","Best_First_BidirectionalSensitive_Learning_FP_Cost_1","Random Forest","0.2509643201542913","0.5714285714285714","0.41379310344827586","0.694078947368421","36.0","27.0","125.0","51.0"
"zookeeper","8","None","Naive Bayes","0.22012523150189595","0.7241379310344828","0.2413793103448276","0.7058000604960678","21.0","8.0","144.0","66.0"
"zookeeper","8","None","IBK","0.1685425449187575","0.5178571428571429","0.3333333333333333","0.5915759225650332","29.0","27.0","125.0","58.0"
"zookeeper","8","None","Random Forest","0.21331167443252258","0.625","0.28735632183908044","0.6715819721718088","25.0","15.0","137.0","62.0"
"zookeeper","9","Best_First_Bidirectional","Naive Bayes","0.3229641279459721","0.6341463414634146","0.30952380952380953","0.685218566922037","26.0","15.0","302.0","58.0"
"zookeeper","9","Best_First_Bidirectional","IBK","-0.03313105504098782","0.17543859649122806","0.11904761904761904","0.4890528766711732","10.0","47.0","270.0","74.0"
"zookeeper","9","Best_First_Bidirectional","Random Forest","-0.004700560963171571","0.20408163265306123","0.11904761904761904","0.5987494366831906","10.0","39.0","278.0","74.0"
"zookeeper","9","Best_First_BidirectionalUnder_Sampling","Naive Bayes","0.37362815701389585","0.5522388059701493","0.44047619047619047","0.6770129187321616","37.0","30.0","287.0","47.0"
"zookeeper","9","Best_First_BidirectionalUnder_Sampling","IBK","0.06481213322155319","0.24817518248175183","0.40476190476190477","0.5664526062791047","34.0","103.0","214.0","50.0"
"zookeeper","9","Best_First_BidirectionalUnder_Sampling","Random Forest","0.09163511301443454","0.26956521739130435","0.36904761904761907","0.631421811626859","31.0","84.0","233.0","53.0"
"zookeeper","9","Best_First_BidirectionalOver_Sampling","Naive Bayes","0.36679825472678174","0.5645161290322581","0.4166666666666667","0.6779893345350758","35.0","27.0","290.0","49.0"
"zookeeper","9","Best_First_BidirectionalOver_Sampling","IBK","0.02440450370593925","0.2289156626506024","0.2261904761904762","0.4678158329577888","19.0","64.0","253.0","65.0"
"zookeeper","9","Best_First_BidirectionalOver_Sampling","Random Forest","0.00630772696553302","0.2153846153846154","0.16666666666666666","0.578883130539282","14.0","51.0","266.0","70.0"
"zookeeper","9","Best_First_BidirectionalSensitive_Classifier_FP_Cost_1","Naive Bayes","0.36106045190148023","0.5063291139240507","0.47619047619047616","0.6765810425116419","40.0","39.0","278.0","44.0"
"zookeeper","9","Best_First_BidirectionalSensitive_Classifier_FP_Cost_1","IBK","-0.04321920107418561","0.16666666666666666","0.11904761904761904","0.4806594562115067","10.0","50.0","267.0","74.0"
"zookeeper","9","Best_First_BidirectionalSensitive_Classifier_FP_Cost_1","Random Forest","0.09802432699608865","0.2645161290322581","0.4880952380952381","0.5642368934955686","41.0","114.0","203.0","43.0"
"zookeeper","9","Best_First_BidirectionalSensitive_Classifier_FP_Cost_3","Naive Bayes","0.36106045190148023","0.5063291139240507","0.47619047619047616","0.6765810425116419","40.0","39.0","278.0","44.0"
"zookeeper","9","Best_First_BidirectionalSensitive_Classifier_FP_Cost_3","IBK","-0.04321920107418561","0.16666666666666666","0.11904761904761904","0.4806594562115067","10.0","50.0","267.0","74.0"
"zookeeper","9","Best_First_BidirectionalSensitive_Classifier_FP_Cost_3","Random Forest","0.09802432699608865","0.2645161290322581","0.4880952380952381","0.5642368934955686","41.0","114.0","203.0","43.0"
"zookeeper","9","Best_First_BidirectionalSensitive_Learning_FP_Cost_1","Naive Bayes","0.36592232635273225","0.5128205128205128","0.47619047619047616","0.685218566922037","40.0","38.0","279.0","44.0"
"zookeeper","9","Best_First_BidirectionalSensitive_Learning_FP_Cost_1","IBK","-0.04321920107418561","0.16666666666666666","0.11904761904761904","0.4890528766711732","10.0","50.0","267.0","74.0"
"zookeeper","9","Best_First_BidirectionalSensitive_Learning_FP_Cost_1","Random Forest","0.08542128148330479","0.26495726495726496","0.36904761904761907","0.5847604025837464","31.0","86.0","231.0","53.0"
"zookeeper","9","None","Naive Bayes","0.25717023315234744","0.47368421052631576","0.32142857142857145","0.6100721045515998","27.0","30.0","287.0","57.0"
"zookeeper","9","None","IBK","0.01687097444421363","0.22580645161290322","0.16666666666666666","0.5130501727504883","14.0","48.0","269.0","70.0"
"zookeeper","9","None","Random Forest","0.015640953229205164","0.22641509433962265","0.14285714285714285","0.5920835211056031","12.0","41.0","276.0","72.0"
"zookeeper","10","Best_First_Bidirectional","Naive Bayes","0.3668026669320328","0.8571428571428571","0.2891566265060241","0.7839582629583756","24.0","4.0","317.0","59.0"
"zookeeper","10","Best_First_Bidirectional","IBK","0.08146368667152849","0.2909090909090909","0.1927710843373494","0.5717636902751192","16.0","39.0","282.0","67.0"
"zookeeper","10","Best_First_Bidirectional","Random Forest","0.10302801266002194","0.35135135135135137","0.1566265060240964","0.6334684532522614","13.0","24.0","297.0","70.0"
"zookeeper","10","Best_First_BidirectionalUnder_Sampling","Naive Bayes","0.39145683453237407","0.6739130434782609","0.37349397590361444","0.7784971662350336","31.0","15.0","306.0","52.0"
"zookeeper","10","Best_First_BidirectionalUnder_Sampling","IBK","0.17827722973660115","0.32710280373831774","0.42168674698795183","0.5720827234170326","35.0","72.0","249.0","48.0"
"zookeeper","10","Best_First_BidirectionalUnder_Sampling","Random Forest","0.13647536603612245","0.30526315789473685","0.3493975903614458","0.6727282963630222","29.0","66.0","255.0","54.0"
"zookeeper","10","Best_First_BidirectionalOver_Sampling","Naive Bayes","0.42139062139062133","0.7560975609756098","0.37349397590361444","0.788068160492437","31.0","10.0","311.0","52.0"
"zookeeper","10","Best_First_BidirectionalOver_Sampling","IBK","0.07359123529661538","0.2807017543859649","0.1927710843373494","0.5936268438238937","16.0","41.0","280.0","67.0"
"zookeeper","10","Best_First_BidirectionalOver_Sampling","Random Forest","0.1551397033459814","0.37037037037037035","0.24096385542168675","0.6217768269339038","20.0","34.0","287.0","63.0"
"zookeeper","10","Best_First_BidirectionalSensitive_Classifier_FP_Cost_1","Naive Bayes","0.41001017834225767","0.673469387755102","0.39759036144578314","0.6738730623428293","33.0","16.0","305.0","50.0"
"zookeeper","10","Best_First_BidirectionalSensitive_Classifier_FP_Cost_1","IBK","0.06971438228832165","0.27586206896551724","0.1927710843373494","0.5309649814210111","16.0","42.0","279.0","67.0"
"zookeeper","10","Best_First_BidirectionalSensitive_Classifier_FP_Cost_1","Random Forest","0.10175438596491237","0.27722772277227725","0.3373493975903614","0.5549675336861465","28.0","73.0","248.0","55.0"
"zookeeper","10","Best_First_BidirectionalSensitive_Classifier_FP_Cost_3","Naive Bayes","0.41001017834225767","0.673469387755102","0.39759036144578314","0.6738730623428293","33.0","16.0","305.0","50.0"
"zookeeper","10","Best_First_BidirectionalSensitive_Classifier_FP_Cost_3","IBK","0.06971438228832165","0.27586206896551724","0.1927710843373494","0.5309649814210111","16.0","42.0","279.0","67.0"
"zookeeper","10","Best_First_BidirectionalSensitive_Classifier_FP_Cost_3","Random Forest","0.10175438596491237","0.27722772277227725","0.3373493975903614","0.5549675336861465","28.0","73.0","248.0","55.0"
"zookeeper","10","Best_First_BidirectionalSensitive_Learning_FP_Cost_1","Naive Bayes","0.41001017834225767","0.673469387755102","0.39759036144578314","0.7839582629583756","33.0","16.0","305.0","50.0"
"zookeeper","10","Best_First_BidirectionalSensitive_Learning_FP_Cost_1","IBK","0.06971438228832165","0.27586206896551724","0.1927710843373494","0.5717636902751192","16.0","42.0","279.0","67.0"
"zookeeper","10","Best_First_BidirectionalSensitive_Learning_FP_Cost_1","Random Forest","0.08927701056052","0.2878787878787879","0.2289156626506024","0.6566265060240963","19.0","47.0","274.0","64.0"
"zookeeper","10","None","Naive Bayes","0.3164128595600677","0.8695652173913043","0.24096385542168675","0.7858724618098563","20.0","3.0","318.0","63.0"
"zookeeper","10","None","IBK","0.06804070369092785","0.2777777777777778","0.18072289156626506","0.5687985587208648","15.0","39.0","282.0","68.0"
"zookeeper","10","None","Random Forest","0.10851992938771723","0.35","0.1686746987951807","0.6445407799421987","14.0","26.0","295.0","69.0"
"zookeeper","11","Best_First_Bidirectional","Naive Bayes","0.4778607145445324","0.8571428571428571","0.4666666666666667","0.7965439276485788","42.0","7.0","165.0","48.0"
"zookeeper","11","Best_First_Bidirectional","IBK","0.2660537279126561","0.6153846153846154","0.35555555555555557","0.7108850129198966","32.0","20.0","152.0","58.0"
"zookeeper","11","Best_First_Bidirectional","Random Forest","0.32596564968476","0.6938775510204082","0.37777777777777777","0.7518410852713179","34.0","15.0","157.0","56.0"
"zookeeper","11","Best_First_BidirectionalUnder_Sampling","Naive Bayes","0.5027572871159494","0.8490566037735849","0.5","0.7834302325581395","45.0","8.0","164.0","45.0"
"zookeeper","11","Best_First_BidirectionalUnder_Sampling","IBK","0.3339401167534995","0.5445544554455446","0.6111111111111112","0.7014857881136951","55.0","46.0","126.0","35.0"
"zookeeper","11","Best_First_BidirectionalUnder_Sampling","Random Forest","0.4237169270003187","0.6105263157894737","0.6444444444444445","0.7789728682170542","58.0","37.0","135.0","32.0"
"zookeeper","11","Best_First_BidirectionalOver_Sampling","Naive Bayes","0.4888728323699422","0.86","0.4777777777777778","0.7865633074935401","43.0","7.0","165.0","47.0"
"zookeeper","11","Best_First_BidirectionalOver_Sampling","IBK","0.2972896668548841","0.6206896551724138","0.4","0.7195736434108527","36.0","22.0","150.0","54.0"
"zookeeper","11","Best_First_BidirectionalOver_Sampling","Random Forest","0.34563618704037735","0.640625","0.45555555555555555","0.731233850129199","41.0","23.0","149.0","49.0"
"zookeeper","11","Best_First_BidirectionalSensitive_Classifier_FP_Cost_1","Naive Bayes","0.5298050531353367","0.8305084745762712","0.5444444444444444","0.7431524547803617","49.0","10.0","162.0","41.0"
"zookeeper","11","Best_First_BidirectionalSensitive_Classifier_FP_Cost_1","IBK","0.25164238788917453","0.5925925925925926","0.35555555555555557","0.6138242894056848","32.0","22.0","150.0","58.0"
"zookeeper","11","Best_First_BidirectionalSensitive_Classifier_FP_Cost_1","Random Forest","0.3385017525099507","0.5203252032520326","0.7111111111111111","0.6840439276485788","64.0","59.0","113.0","26.0"
"zookeeper","11","Best_First_BidirectionalSensitive_Classifier_FP_Cost_3","Naive Bayes","0.5298050531353367","0.8305084745762712","0.5444444444444444","0.7431524547803617","49.0","10.0","162.0","41.0"
"zookeeper","11","Best_First_BidirectionalSensitive_Classifier_FP_Cost_3","IBK","0.25164238788917453","0.5925925925925926","0.35555555555555557","0.6138242894056848","32.0","22.0","150.0","58.0"
"zookeeper","11","Best_First_BidirectionalSensitive_Classifier_FP_Cost_3","Random Forest","0.3385017525099507","0.5203252032520326","0.7111111111111111","0.6840439276485788","64.0","59.0","113.0","26.0"
"zookeeper","11","Best_First_BidirectionalSensitive_Learning_FP_Cost_1","Naive Bayes","0.5298050531353367","0.8305084745762712","0.5444444444444444","0.7965439276485788","49.0","10.0","162.0","41.0"
"zookeeper","11","Best_First_BidirectionalSensitive_Learning_FP_Cost_1","IBK","0.25164238788917453","0.5925925925925926","0.35555555555555557","0.7108850129198966","32.0","22.0","150.0","58.0"
"zookeeper","11","Best_First_BidirectionalSensitive_Learning_FP_Cost_1","Random Forest","0.36362458708465584","0.5842696629213483","0.5777777777777777","0.7532945736434109","52.0","37.0","135.0","38.0"
"zookeeper","11","None","Naive Bayes","0.5215211630738379","0.8679245283018868","0.5111111111111111","0.8093992248062015","46.0","7.0","165.0","44.0"
"zookeeper","11","None","IBK","0.31250437338184883","0.6229508196721312","0.4222222222222222","0.7292635658914729","38.0","23.0","149.0","52.0"
"zookeeper","11","None","Random Forest","0.2559988641204034","0.5892857142857143","0.36666666666666664","0.7406976744186047","33.0","23.0","149.0","57.0"
"zookeeper","12","Best_First_Bidirectional","Naive Bayes","0.3364678899082569","0.9","0.3","0.7842646114322415","27.0","3.0","170.0","63.0"
"zookeeper","12","Best_First_Bidirectional","IBK","0.16917530754078863","0.5641025641025641","0.24444444444444444","0.7204881181759795","22.0","17.0","156.0","68.0"
"zookeeper","12","Best_First_Bidirectional","Random Forest","0.04037946971539748","0.5","0.06666666666666667","0.7066152858060373","6.0","6.0","167.0","84.0"
"zookeeper","12","Best_First_BidirectionalUnder_Sampling","Naive Bayes","0.3803896638121235","0.8648648648648649","0.35555555555555557","0.7821451509312781","32.0","5.0","168.0","58.0"
"zookeeper","12","Best_First_BidirectionalUnder_Sampling","IBK","0.29134094008848677","0.5584415584415584","0.4777777777777778","0.6910404624277456","43.0","34.0","139.0","47.0"
"zookeeper","12","Best_First_BidirectionalUnder_Sampling","Random Forest","0.30720810098867646","0.5970149253731343","0.4444444444444444","0.7373795761078998","40.0","27.0","146.0","50.0"
"zookeeper","12","Best_First_BidirectionalOver_Sampling","Naive Bayes","0.38832620601695544","0.8888888888888888","0.35555555555555557","0.786480411046885","32.0","4.0","169.0","58.0"
"zookeeper","12","Best_First_BidirectionalOver_Sampling","IBK","0.16507936507936505","0.5333333333333333","0.26666666666666666","0.7059087989723828","24.0","21.0","152.0","66.0"
"zookeeper","12","Best_First_BidirectionalOver_Sampling","Random Forest","-0.031042483398671807","0.25","0.044444444444444446","0.6610468850353244","4.0","12.0","161.0","86.0"
"zookeeper","12","Best_First_BidirectionalSensitive_Classifier_FP_Cost_1","Naive Bayes","0.41533901444979643","0.875","0.3888888888888889","0.6799935773924213","35.0","5.0","168.0","55.0"
"zookeeper","12","Best_First_BidirectionalSensitive_Classifier_FP_Cost_1","IBK","0.1721689481004318","0.5454545454545454","0.26666666666666666","0.5755298651252408","24.0","20.0","153.0","66.0"
"zookeeper","12","Best_First_BidirectionalSensitive_Classifier_FP_Cost_1","Random Forest","0.2888315935102503","0.5204081632653061","0.5666666666666667","0.647495183044316","51.0","47.0","126.0","39.0"
"zookeeper","12","Best_First_BidirectionalSensitive_Classifier_FP_Cost_3","Naive Bayes","0.41533901444979643","0.875","0.3888888888888889","0.6799935773924213","35.0","5.0","168.0","55.0"
"zookeeper","12","Best_First_BidirectionalSensitive_Classifier_FP_Cost_3","IBK","0.1721689481004318","0.5454545454545454","0.26666666666666666","0.5755298651252408","24.0","20.0","153.0","66.0"
"zookeeper","12","Best_First_BidirectionalSensitive_Classifier_FP_Cost_3","Random Forest","0.2888315935102503","0.5204081632653061","0.5666666666666667","0.647495183044316","51.0","47.0","126.0","39.0"
"zookeeper","12","Best_First_BidirectionalSensitive_Learning_FP_Cost_1","Naive Bayes","0.4037611030586836","0.8717948717948718","0.37777777777777777","0.7842646114322415","34.0","5.0","168.0","56.0"
"zookeeper","12","Best_First_BidirectionalSensitive_Learning_FP_Cost_1","IBK","0.1721689481004318","0.5454545454545454","0.26666666666666666","0.7204881181759795","24.0","20.0","153.0","66.0"
"zookeeper","12","Best_First_BidirectionalSensitive_Learning_FP_Cost_1","Random Forest","0.15291706317253498","0.5227272727272727","0.25555555555555554","0.7181117533718689","23.0","21.0","152.0","67.0"
"zookeeper","12","None","Naive Bayes","0.3242704298807379","0.896551724137931","0.28888888888888886","0.776878612716763","26.0","3.0","170.0","64.0"
"zookeeper","12","None","IBK","0.18647812638091033","0.5714285714285714","0.26666666666666666","0.713102119460501","24.0","18.0","155.0","66.0"
"zookeeper","12","None","Random Forest","0.05204578761833094","0.47368421052631576","0.1","0.7072896596017983","9.0","10.0","163.0","81.0"
"zookeeper","13","Best_First_Bidirectional","Naive Bayes","0.2735849056603774","0.8928571428571429","0.25252525252525254","0.7677379859198041","25.0","3.0","162.0","74.0"
"zookeeper","13","Best_First_Bidirectional","IBK","0.022443890274314267","0.6","0.030303030303030304","0.6851545760636669","3.0","2.0","163.0","96.0"
"zookeeper","13","Best_First_Bidirectional","Random Forest","0.029999999999999975","0.75","0.030303030303030304","0.6983777165595347","3.0","1.0","164.0","96.0"
"zookeeper","13","Best_First_BidirectionalUnder_Sampling","Naive Bayes","0.306791569086651","0.9032258064516129","0.2828282828282828","0.7670951943679216","28.0","3.0","162.0","71.0"
"zookeeper","13","Best_First_BidirectionalUnder_Sampling","IBK","0.18721461187214608","0.6190476190476191","0.26262626262626265","0.6412610958065503","26.0","16.0","149.0","73.0"
"zookeeper","13","Best_First_BidirectionalUnder_Sampling","Random Forest","0.16513761467889895","0.6","0.24242424242424243","0.6840832568105295","24.0","16.0","149.0","75.0"
"zookeeper","13","Best_First_BidirectionalOver_Sampling","Naive Bayes","0.3286713286713287","0.9090909090909091","0.30303030303030304","0.7725130088766452","30.0","3.0","162.0","69.0"
"zookeeper","13","Best_First_BidirectionalOver_Sampling","IBK","0.07160493827160494","0.7777777777777778","0.0707070707070707","0.7016835016835017","7.0","2.0","163.0","92.0"
"zookeeper","13","Best_First_BidirectionalOver_Sampling","Random Forest","0.029999999999999975","0.75","0.030303030303030304","0.6539638812366085","3.0","1.0","164.0","96.0"
"zookeeper","13","Best_First_BidirectionalSensitive_Classifier_FP_Cost_1","Naive Bayes","0.3503480278422275","0.9142857142857143","0.32323232323232326","0.6525252525252525","32.0","3.0","162.0","67.0"
"zookeeper","13","Best_First_BidirectionalSensitive_Classifier_FP_Cost_1","IBK","0.007444168734491236","0.42857142857142855","0.030303030303030304","0.503030303030303","3.0","4.0","161.0","96.0"
"zookeeper","13","Best_First_BidirectionalSensitive_Classifier_FP_Cost_1","Random Forest","0.2602739726027399","0.7142857142857143","0.30303030303030304","0.6151515151515151","30.0","12.0","153.0","69.0"
"zookeeper","13","Best_First_BidirectionalSensitive_Classifier_FP_Cost_3","Naive Bayes","0.3503480278422275","0.9142857142857143","0.32323232323232326","0.6525252525252525","32.0","3.0","162.0","67.0"
"zookeeper","13","Best_First_BidirectionalSensitive_Classifier_FP_Cost_3","IBK","0.007444168734491236","0.42857142857142855","0.030303030303030304","0.503030303030303","3.0","4.0","161.0","96.0"
"zookeeper","13","Best_First_BidirectionalSensitive_Classifier_FP_Cost_3","Random Forest","0.2602739726027399","0.7142857142857143","0.30303030303030304","0.6151515151515151","30.0","12.0","153.0","69.0"
"zookeeper","13","Best_First_BidirectionalSensitive_Learning_FP_Cost_1","Naive Bayes","0.3503480278422275","0.9142857142857143","0.32323232323232326","0.7677379859198041","32.0","3.0","162.0","67.0"
"zookeeper","13","Best_First_BidirectionalSensitive_Learning_FP_Cost_1","IBK","0.007444168734491236","0.42857142857142855","0.030303030303030304","0.6851545760636669","3.0","4.0","161.0","96.0"
"zookeeper","13","Best_First_BidirectionalSensitive_Learning_FP_Cost_1","Random Forest","0.04901960784313721","0.5833333333333334","0.0707070707070707","0.7178145087235996","7.0","5.0","160.0","92.0"
"zookeeper","13","None","Naive Bayes","0.2701421800947869","0.9230769230769231","0.24242424242424243","0.7659014386287114","24.0","2.0","163.0","75.0"
"zookeeper","13","None","IBK","0.0246305418719213","0.5","0.050505050505050504","0.6825834098561371","5.0","5.0","160.0","94.0"
"zookeeper","13","None","Random Forest","0.029999999999999975","0.75","0.030303030303030304","0.689623507805326","3.0","1.0","164.0","96.0"
"zookeeper","14","Best_First_Bidirectional","Naive Bayes","0.32230462065031384","0.90625","0.29591836734693877","0.7790754856159331","29.0","3.0","163.0","69.0"
"zookeeper","14","Best_First_Bidirectional","IBK","0.1339099314047121","0.8571428571428571","0.12244897959183673","0.7148389476272436","12.0","2.0","164.0","86.0"
"zookeeper","14","Best_First_Bidirectional","Random Forest","0.1173553719008263","0.9090909090909091","0.10204081632653061","0.6802618637816572","10.0","1.0","165.0","88.0"
"zookeeper","14","Best_First_BidirectionalUnder_Sampling","Naive Bayes","0.350576328366601","0.868421052631579","0.336734693877551","0.7617408409146791","33.0","5.0","161.0","65.0"
"zookeeper","14","Best_First_BidirectionalUnder_Sampling","IBK","0.24241596064498494","0.64","0.32653061224489793","0.6450393410376198","32.0","18.0","148.0","66.0"
"zookeeper","14","Best_First_BidirectionalUnder_Sampling","Random Forest","0.18746502518186892","0.625","0.25510204081632654","0.7090607327268257","25.0","15.0","151.0","73.0"
"zookeeper","14","Best_First_BidirectionalOver_Sampling","Naive Bayes","0.3583204170776384","0.8918918918918919","0.336734693877551","0.7735738873862799","33.0","4.0","162.0","65.0"
"zookeeper","14","Best_First_BidirectionalOver_Sampling","IBK","0.1186943620178041","0.75","0.12244897959183673","0.694400049176297","12.0","4.0","162.0","86.0"
"zookeeper","14","Best_First_BidirectionalOver_Sampling","Random Forest","0.1294964028776977","0.9166666666666666","0.11224489795918367","0.6421194984017703","11.0","1.0","165.0","87.0"
"zookeeper","14","Best_First_BidirectionalSensitive_Classifier_FP_Cost_1","Naive Bayes","0.4012561060711793","0.9024390243902439","0.37755102040816324","0.6767273174329973","37.0","4.0","162.0","61.0"
"zookeeper","14","Best_First_BidirectionalSensitive_Classifier_FP_Cost_1","IBK","0.1339099314047121","0.8571428571428571","0.12244897959183673","0.5552003934103762","12.0","2.0","164.0","86.0"
"zookeeper","14","Best_First_BidirectionalSensitive_Classifier_FP_Cost_1","Random Forest","0.1901255954958855","0.7407407407407407","0.20408163265306123","0.580956478977133","20.0","7.0","159.0","78.0"
"zookeeper","14","Best_First_BidirectionalSensitive_Classifier_FP_Cost_3","Naive Bayes","0.4012561060711793","0.9024390243902439","0.37755102040816324","0.6767273174329973","37.0","4.0","162.0","61.0"
"zookeeper","14","Best_First_BidirectionalSensitive_Classifier_FP_Cost_3","IBK","0.1339099314047121","0.8571428571428571","0.12244897959183673","0.5552003934103762","12.0","2.0","164.0","86.0"
"zookeeper","14","Best_First_BidirectionalSensitive_Classifier_FP_Cost_3","Random Forest","0.1901255954958855","0.7407407407407407","0.20408163265306123","0.580956478977133","20.0","7.0","159.0","78.0"
"zookeeper","14","Best_First_BidirectionalSensitive_Learning_FP_Cost_1","Naive Bayes","0.4012561060711793","0.9024390243902439","0.37755102040816324","0.7790754856159331","37.0","4.0","162.0","61.0"
"zookeeper","14","Best_First_BidirectionalSensitive_Learning_FP_Cost_1","IBK","0.1339099314047121","0.8571428571428571","0.12244897959183673","0.7148389476272436","12.0","2.0","164.0","86.0"
"zookeeper","14","Best_First_BidirectionalSensitive_Learning_FP_Cost_1","Random Forest","0.13827893175074177","0.8125","0.1326530612244898","0.7416707646914187","13.0","3.0","163.0","85.0"
"zookeeper","14","None","Naive Bayes","0.29665898617511527","0.9285714285714286","0.2653061224489796","0.7930292598967298","26.0","2.0","164.0","72.0"
"zookeeper","14","None","IBK","0.1294964028776977","0.9166666666666666","0.11224489795918367","0.7204942217850996","11.0","1.0","165.0","87.0"
"zookeeper","14","None","Random Forest","0.12503766194636923","1.0","0.10204081632653061","0.712441603147283","10.0","0.0","166.0","88.0"
"zookeeper","15","Best_First_Bidirectional","Naive Bayes","0.2650708698464975","0.8787878787878788","0.25663716814159293","0.7604409253221549","29.0","4.0","167.0","84.0"
"zookeeper","15","Best_First_Bidirectional","IBK","0.08670590376797535","0.7333333333333333","0.09734513274336283","0.7262847383946592","11.0","4.0","167.0","102.0"
"zookeeper","15","Best_First_Bidirectional","Random Forest","0.1282518842693897","0.9285714285714286","0.11504424778761062","0.6498990839931688","13.0","1.0","170.0","100.0"
"zookeeper","15","Best_First_BidirectionalUnder_Sampling","Naive Bayes","0.2866405747999298","0.8648648648648649","0.2831858407079646","0.7499870620504062","32.0","5.0","166.0","81.0"
"zookeeper","15","Best_First_BidirectionalUnder_Sampling","IBK","0.17885849765801187","0.6511627906976745","0.24778761061946902","0.6928530766444134","28.0","15.0","156.0","85.0"
"zookeeper","15","Best_First_BidirectionalUnder_Sampling","Random Forest","0.17479861910241656","0.6304347826086957","0.25663716814159293","0.6749987062050407","29.0","17.0","154.0","84.0"
"zookeeper","15","Best_First_BidirectionalOver_Sampling","Naive Bayes","0.2866405747999298","0.8648648648648649","0.2831858407079646","0.7618123479790923","32.0","5.0","166.0","81.0"
"zookeeper","15","Best_First_BidirectionalOver_Sampling","IBK","0.10321183688199213","0.7","0.12389380530973451","0.7034880712104745","14.0","6.0","165.0","99.0"
"zookeeper","15","Best_First_BidirectionalOver_Sampling","Random Forest","0.08990870064695573","0.7058823529411765","0.10619469026548672","0.5823888630129898","12.0","5.0","166.0","101.0"
"zookeeper","15","Best_First_BidirectionalSensitive_Classifier_FP_Cost_1","Naive Bayes","0.296127828318171","0.868421052631579","0.2920353982300885","0.6313978160741086","33.0","5.0","166.0","80.0"
"zookeeper","15","Best_First_BidirectionalSensitive_Classifier_FP_Cost_1","IBK","0.10321183688199213","0.7","0.12389380530973451","0.5444030430057445","14.0","6.0","165.0","99.0"
"zookeeper","15","Best_First_BidirectionalSensitive_Classifier_FP_Cost_1","Random Forest","0.18155619596541783","0.7272727272727273","0.21238938053097345","0.5798789007918025","24.0","9.0","162.0","89.0"
"zookeeper","15","Best_First_BidirectionalSensitive_Classifier_FP_Cost_3","Naive Bayes","0.296127828318171","0.868421052631579","0.2920353982300885","0.6313978160741086","33.0","5.0","166.0","80.0"
"zookeeper","15","Best_First_BidirectionalSensitive_Classifier_FP_Cost_3","IBK","0.10321183688199213","0.7","0.12389380530973451","0.5444030430057445","14.0","6.0","165.0","99.0"
"zookeeper","15","Best_First_BidirectionalSensitive_Classifier_FP_Cost_3","Random Forest","0.18155619596541783","0.7272727272727273","0.21238938053097345","0.5798789007918025","24.0","9.0","162.0","89.0"
"zookeeper","15","Best_First_BidirectionalSensitive_Learning_FP_Cost_1","Naive Bayes","0.296127828318171","0.868421052631579","0.2920353982300885","0.7604409253221549","33.0","5.0","166.0","80.0"
"zookeeper","15","Best_First_BidirectionalSensitive_Learning_FP_Cost_1","IBK","0.10321183688199213","0.7","0.12389380530973451","0.7262847383946592","14.0","6.0","165.0","99.0"
"zookeeper","15","Best_First_BidirectionalSensitive_Learning_FP_Cost_1","Random Forest","0.15330033987239877","0.76","0.168141592920354","0.6879107798996015","19.0","6.0","165.0","94.0"
"zookeeper","15","None","Naive Bayes","0.2503262545972238","0.9285714285714286","0.23008849557522124","0.8037830564612121","26.0","2.0","169.0","87.0"
"zookeeper","15","None","IBK","0.10708023459701314","0.7647058823529411","0.11504424778761062","0.7270610153702841","13.0","4.0","167.0","100.0"
"zookeeper","15","None","Random Forest","0.14851605087825573","0.9375","0.13274336283185842","0.676577136055478","15.0","1.0","170.0","98.0"
"zookeeper","16","Best_First_Bidirectional","Naive Bayes","0.2701843610934519","0.90625","0.2543859649122807","0.6749569009228273","29.0","3.0","170.0","85.0"
"zookeeper","16","Best_First_Bidirectional","IBK","0.14338485179822105","0.8421052631578947","0.14035087719298245","0.7129094412331407","16.0","3.0","170.0","98.0"
"zookeeper","16","Best_First_Bidirectional","Random Forest","0.1403872957504225","0.8823529411764706","0.13157894736842105","0.6442804989351992","15.0","2.0","171.0","99.0"
"zookeeper","16","Best_First_BidirectionalUnder_Sampling","Naive Bayes","0.28214932582008473","0.8857142857142857","0.2719298245614035","0.6601764526924248","31.0","4.0","169.0","83.0"
"zookeeper","16","Best_First_BidirectionalUnder_Sampling","IBK","0.17531036406751282","0.6037735849056604","0.2807017543859649","0.6489199878308488","32.0","21.0","152.0","82.0"
"zookeeper","16","Best_First_BidirectionalUnder_Sampling","Random Forest","0.14522762728690966","0.6046511627906976","0.22807017543859648","0.658376432410506","26.0","17.0","156.0","88.0"
"zookeeper","16","Best_First_BidirectionalOver_Sampling","Naive Bayes","0.29399313501144164","0.868421052631579","0.2894736842105263","0.6744752053544265","33.0","5.0","168.0","81.0"
"zookeeper","16","Best_First_BidirectionalOver_Sampling","IBK","0.11562729273661032","0.6956521739130435","0.14035087719298245","0.7277152418618801","16.0","7.0","166.0","98.0"
"zookeeper","16","Best_First_BidirectionalOver_Sampling","Random Forest","0.12253057384760101","0.7272727272727273","0.14035087719298245","0.6063026062265491","16.0","6.0","167.0","98.0"
"zookeeper","16","Best_First_BidirectionalSensitive_Classifier_FP_Cost_1","Naive Bayes","0.30571761960326727","0.8536585365853658","0.30701754385964913","0.6361677314673968","35.0","6.0","167.0","79.0"
"zookeeper","16","Best_First_BidirectionalSensitive_Classifier_FP_Cost_1","IBK","0.11562729273661032","0.6956521739130435","0.14035087719298245","0.5499442247236589","16.0","7.0","166.0","98.0"
"zookeeper","16","Best_First_BidirectionalSensitive_Classifier_FP_Cost_1","Random Forest","0.2187902925417611","0.7567567567567568","0.24561403508771928","0.5967954568502181","28.0","9.0","164.0","86.0"
"zookeeper","16","Best_First_BidirectionalSensitive_Classifier_FP_Cost_3","Naive Bayes","0.30571761960326727","0.8536585365853658","0.30701754385964913","0.6361677314673968","35.0","6.0","167.0","79.0"
"zookeeper","16","Best_First_BidirectionalSensitive_Classifier_FP_Cost_3","IBK","0.11562729273661032","0.6956521739130435","0.14035087719298245","0.5499442247236589","16.0","7.0","166.0","98.0"
"zookeeper","16","Best_First_BidirectionalSensitive_Classifier_FP_Cost_3","Random Forest","0.2187902925417611","0.7567567567567568","0.24561403508771928","0.5967954568502181","28.0","9.0","164.0","86.0"
"zookeeper","16","Best_First_BidirectionalSensitive_Learning_FP_Cost_1","Naive Bayes","0.30571761960326727","0.8536585365853658","0.30701754385964913","0.6749569009228273","35.0","6.0","167.0","79.0"
"zookeeper","16","Best_First_BidirectionalSensitive_Learning_FP_Cost_1","IBK","0.11562729273661032","0.6956521739130435","0.14035087719298245","0.7129094412331407","16.0","7.0","166.0","98.0"
"zookeeper","16","Best_First_BidirectionalSensitive_Learning_FP_Cost_1","Random Forest","0.17473641406953438","0.7586206896551724","0.19298245614035087","0.6928556941486664","22.0","7.0","166.0","92.0"
"zookeeper","16","None","Naive Bayes","0.24847250509164967","0.9285714285714286","0.22807017543859648","0.6883176148463644","26.0","2.0","171.0","88.0"
"zookeeper","16","None","IBK","0.15627939793038556","0.8181818181818182","0.15789473684210525","0.7188165500456343","18.0","4.0","169.0","96.0"
"zookeeper","16","None","Random Forest","0.1702755324797924","0.9","0.15789473684210525","0.6857823750126762","18.0","2.0","171.0","96.0"
"zookeeper","17","Best_First_Bidirectional","Naive Bayes","0.24434777631503632","0.9","0.23275862068965517","0.6741278483565235","27.0","3.0","168.0","89.0"
"zookeeper","17","Best_First_Bidirectional","IBK","0.113858911400594","0.9230769230769231","0.10344827586206896","0.7183151845130067","12.0","1.0","170.0","104.0"
"zookeeper","17","Best_First_Bidirectional","Random Forest","0.054042818540843814","0.8571428571428571","0.05172413793103448","0.6056160516233111","6.0","1.0","170.0","110.0"
"zookeeper","17","Best_First_BidirectionalUnder_Sampling","Naive Bayes","0.2746968793480421","0.8857142857142857","0.2672413793103448","0.6845886267392619","31.0","4.0","167.0","85.0"
"zookeeper","17","Best_First_BidirectionalUnder_Sampling","IBK","0.15112905978044472","0.6764705882352942","0.19827586206896552","0.6451905626134301","23.0","11.0","160.0","93.0"
"zookeeper","17","Best_First_BidirectionalUnder_Sampling","Random Forest","0.16484080794248543","0.71875","0.19827586206896552","0.6783625730994152","23.0","9.0","162.0","93.0"
"zookeeper","17","Best_First_BidirectionalOver_Sampling","Naive Bayes","0.26769108641415296","0.8611111111111112","0.2672413793103448","0.6721869328493648","31.0","5.0","166.0","85.0"
"zookeeper","17","Best_First_BidirectionalOver_Sampling","IBK","0.09874389392882059","0.7","0.1206896551724138","0.7054345634200444","14.0","6.0","165.0","102.0"
"zookeeper","17","Best_First_BidirectionalOver_Sampling","Random Forest","0.03634542884071635","0.5833333333333334","0.0603448275862069","0.6009780197620488","7.0","5.0","166.0","109.0"
"zookeeper","17","Best_First_BidirectionalSensitive_Classifier_FP_Cost_1","Naive Bayes","0.2953974659254452","0.8717948717948718","0.29310344827586204","0.6319318410969954","34.0","5.0","166.0","82.0"
"zookeeper","17","Best_First_BidirectionalSensitive_Classifier_FP_Cost_1","IBK","0.08601396558272723","0.7058823529411765","0.10344827586206896","0.5371042548900988","12.0","5.0","166.0","104.0"
"zookeeper","17","Best_First_BidirectionalSensitive_Classifier_FP_Cost_1","Random Forest","0.18121647837498558","0.75","0.20689655172413793","0.5800564629965719","24.0","8.0","163.0","92.0"
"zookeeper","17","Best_First_BidirectionalSensitive_Classifier_FP_Cost_3","Naive Bayes","0.2953974659254452","0.8717948717948718","0.29310344827586204","0.6319318410969954","34.0","5.0","166.0","82.0"
"zookeeper","17","Best_First_BidirectionalSensitive_Classifier_FP_Cost_3","IBK","0.08601396558272723","0.7058823529411765","0.10344827586206896","0.5371042548900988","12.0","5.0","166.0","104.0"
"zookeeper","17","Best_First_BidirectionalSensitive_Classifier_FP_Cost_3","Random Forest","0.18121647837498558","0.75","0.20689655172413793","0.5800564629965719","24.0","8.0","163.0","92.0"
"zookeeper","17","Best_First_BidirectionalSensitive_Learning_FP_Cost_1","Naive Bayes","0.2953974659254452","0.8717948717948718","0.29310344827586204","0.6741278483565235","34.0","5.0","166.0","82.0"
"zookeeper","17","Best_First_BidirectionalSensitive_Learning_FP_Cost_1","IBK","0.08601396558272723","0.7058823529411765","0.10344827586206896","0.7183151845130067","12.0","5.0","166.0","104.0"
"zookeeper","17","Best_First_BidirectionalSensitive_Learning_FP_Cost_1","Random Forest","0.11543382181902774","0.75","0.12931034482758622","0.6695654365799556","15.0","5.0","166.0","101.0"
"zookeeper","17","None","Naive Bayes","0.23250999223624805","0.9259259259259259","0.21551724137931033","0.6874369832627546","25.0","2.0","169.0","91.0"
"zookeeper","17","None","IBK","0.11955473748794823","0.8235294117647058","0.1206896551724138","0.7179874974793305","14.0","3.0","168.0","102.0"
"zookeeper","17","None","Random Forest","0.12371557747636658","0.9285714285714286","0.11206896551724138","0.620714861867312","13.0","1.0","170.0","103.0"
"zookeeper","18","Best_First_Bidirectional","Naive Bayes","0.22942016566695234","0.9259259259259259","0.21367521367521367","0.676923076923077","25.0","2.0","168.0","92.0"
"zookeeper","18","Best_First_Bidirectional","IBK","0.05319587628865974","0.8571428571428571","0.05128205128205128","0.6976872800402212","6.0","1.0","169.0","111.0"
"zookeeper","18","Best_First_Bidirectional","Random Forest","0.07299741602067181","0.8888888888888888","0.06837606837606838","0.6252136752136752","8.0","1.0","169.0","109.0"
"zookeeper","18","Best_First_BidirectionalUnder_Sampling","Naive Bayes","0.2596172927002128","0.90625","0.24786324786324787","0.6973604826546003","29.0","3.0","167.0","88.0"
"zookeeper","18","Best_First_BidirectionalUnder_Sampling","IBK","0.08486238532110102","0.5365853658536586","0.18803418803418803","0.6342383107088989","22.0","19.0","151.0","95.0"
"zookeeper","18","Best_First_BidirectionalUnder_Sampling","Random Forest","0.14485812146695987","0.6136363636363636","0.23076923076923078","0.6783810960281549","27.0","17.0","153.0","90.0"
"zookeeper","18","Best_First_BidirectionalOver_Sampling","Naive Bayes","0.261835448404511","0.8823529411764706","0.2564102564102564","0.673001508295626","30.0","4.0","166.0","87.0"
"zookeeper","18","Best_First_BidirectionalOver_Sampling","IBK","0.02546689303904924","0.5454545454545454","0.05128205128205128","0.693614881850176","6.0","5.0","165.0","111.0"
"zookeeper","18","Best_First_BidirectionalOver_Sampling","Random Forest","0.03536460616688588","0.5833333333333334","0.05982905982905983","0.584439416792358","7.0","5.0","165.0","110.0"
"zookeeper","18","Best_First_BidirectionalSensitive_Classifier_FP_Cost_1","Naive Bayes","0.2844897616179724","0.85","0.2905982905982906","0.6276520864756159","34.0","6.0","164.0","83.0"
"zookeeper","18","Best_First_BidirectionalSensitive_Classifier_FP_Cost_1","IBK","0.01858833844804925","0.5","0.05128205128205128","0.5079939668174962","6.0","6.0","164.0","111.0"
"zookeeper","18","Best_First_BidirectionalSensitive_Classifier_FP_Cost_1","Random Forest","0.16636291149333654","0.7586206896551724","0.18803418803418803","0.5734288587229763","22.0","7.0","163.0","95.0"
"zookeeper","18","Best_First_BidirectionalSensitive_Classifier_FP_Cost_3","Naive Bayes","0.2844897616179724","0.85","0.2905982905982906","0.6276520864756159","34.0","6.0","164.0","83.0"
"zookeeper","18","Best_First_BidirectionalSensitive_Classifier_FP_Cost_3","IBK","0.01858833844804925","0.5","0.05128205128205128","0.5079939668174962","6.0","6.0","164.0","111.0"
"zookeeper","18","Best_First_BidirectionalSensitive_Classifier_FP_Cost_3","Random Forest","0.16636291149333654","0.7586206896551724","0.18803418803418803","0.5734288587229763","22.0","7.0","163.0","95.0"
"zookeeper","18","Best_First_BidirectionalSensitive_Learning_FP_Cost_1","Naive Bayes","0.2844897616179724","0.85","0.2905982905982906","0.676923076923077","34.0","6.0","164.0","83.0"
"zookeeper","18","Best_First_BidirectionalSensitive_Learning_FP_Cost_1","IBK","0.01858833844804925","0.5","0.05128205128205128","0.6976872800402212","6.0","6.0","164.0","111.0"
"zookeeper","18","Best_First_BidirectionalSensitive_Learning_FP_Cost_1","Random Forest","0.1065375302663438","0.7142857142857143","0.1282051282051282","0.6871292106586224","15.0","6.0","164.0","102.0"
"zookeeper","18","None","Naive Bayes","0.2082303580665554","0.9565217391304348","0.18803418803418803","0.6907491201608849","22.0","1.0","169.0","95.0"
"zookeeper","18","None","IBK","0.05319587628865974","0.8571428571428571","0.05128205128205128","0.718552036199095","6.0","1.0","169.0","111.0"
"zookeeper","18","None","Random Forest","0.06311207834602824","0.875","0.05982905982905983","0.6460281548516843","7.0","1.0","169.0","110.0"
"zookeeper","19","Best_First_Bidirectional","Naive Bayes","0.351069272485419","0.8913043478260869","0.3416666666666667","0.7348901098901099","41.0","5.0","177.0","79.0"
"zookeeper","19","Best_First_Bidirectional","IBK","0.23397386625672562","0.7333333333333333","0.275","0.7398122710622711","33.0","12.0","170.0","87.0"
"zookeeper","19","Best_First_Bidirectional","Random Forest","0.3223174214606283","0.8333333333333334","0.3333333333333333","0.7203296703296703","40.0","8.0","174.0","80.0"
"zookeeper","19","Best_First_BidirectionalUnder_Sampling","Naive Bayes","0.3551601423487545","0.86","0.35833333333333334","0.7336080586080586","43.0","7.0","175.0","77.0"
"zookeeper","19","Best_First_BidirectionalUnder_Sampling","IBK","0.3696116504854368","0.7125","0.475","0.7277014652014652","57.0","23.0","159.0","63.0"
"zookeeper","19","Best_First_BidirectionalUnder_Sampling","Random Forest","0.3760027225436336","0.7215189873417721","0.475","0.7410027472527473","57.0","22.0","160.0","63.0"
"zookeeper","19","Best_First_BidirectionalOver_Sampling","Naive Bayes","0.3551601423487545","0.86","0.35833333333333334","0.7321657509157509","43.0","7.0","175.0","77.0"
"zookeeper","19","Best_First_BidirectionalOver_Sampling","IBK","0.22830541921773004","0.6792452830188679","0.3","0.7472985347985348","36.0","17.0","165.0","84.0"
"zookeeper","19","Best_First_BidirectionalOver_Sampling","Random Forest","0.27671889033030644","0.6935483870967742","0.35833333333333334","0.6994734432234432","43.0","19.0","163.0","77.0"
"zookeeper","19","Best_First_BidirectionalSensitive_Classifier_FP_Cost_1","Naive Bayes","0.3744569061331715","0.8518518518518519","0.38333333333333336","0.6696886446886446","46.0","8.0","174.0","74.0"
"zookeeper","19","Best_First_BidirectionalSensitive_Classifier_FP_Cost_1","IBK","0.21302433841016052","0.660377358490566","0.2916666666666667","0.5963827838827839","35.0","18.0","164.0","85.0"
"zookeeper","19","Best_First_BidirectionalSensitive_Classifier_FP_Cost_1","Random Forest","0.38526749365391066","0.6966292134831461","0.5166666666666667","0.6841575091575092","62.0","27.0","155.0","58.0"
"zookeeper","19","Best_First_BidirectionalSensitive_Classifier_FP_Cost_3","Naive Bayes","0.3744569061331715","0.8518518518518519","0.38333333333333336","0.6696886446886446","46.0","8.0","174.0","74.0"
"zookeeper","19","Best_First_BidirectionalSensitive_Classifier_FP_Cost_3","IBK","0.21302433841016052","0.660377358490566","0.2916666666666667","0.5963827838827839","35.0","18.0","164.0","85.0"
"zookeeper","19","Best_First_BidirectionalSensitive_Classifier_FP_Cost_3","Random Forest","0.38526749365391066","0.6966292134831461","0.5166666666666667","0.6841575091575092","62.0","27.0","155.0","58.0"
"zookeeper","19","Best_First_BidirectionalSensitive_Learning_FP_Cost_1","Naive Bayes","0.3744569061331715","0.8518518518518519","0.38333333333333336","0.7348901098901099","46.0","8.0","174.0","74.0"
"zookeeper","19","Best_First_BidirectionalSensitive_Learning_FP_Cost_1","IBK","0.21302433841016052","0.660377358490566","0.2916666666666667","0.7398122710622711","35.0","18.0","164.0","85.0"
"zookeeper","19","Best_First_BidirectionalSensitive_Learning_FP_Cost_1","Random Forest","0.32790413303986304","0.6933333333333334","0.43333333333333335","0.7177884615384615","52.0","23.0","159.0","68.0"
"zookeeper","19","None","Naive Bayes","0.3551601423487545","0.86","0.35833333333333334","0.7519001831501831","43.0","7.0","175.0","77.0"
"zookeeper","19","None","IBK","0.24768683274021353","0.72","0.3","0.7419871794871795","36.0","14.0","168.0","84.0"
"zookeeper","19","None","Random Forest","0.32016780927043886","0.8478260869565217","0.325","0.7221153846153846","39.0","7.0","175.0","81.0"
"zookeeper","20","Best_First_Bidirectional","Naive Bayes","0.3156584992343033","0.8181818181818182","0.3103448275862069","0.7163009404388715","36.0","8.0","201.0","80.0"
"zookeeper","20","Best_First_Bidirectional","IBK","0.253969756490049","0.6938775510204082","0.29310344827586204","0.7194769839960402","34.0","15.0","194.0","82.0"
"zookeeper","20","Best_First_Bidirectional","Random Forest","0.1924414889840737","0.6122448979591837","0.25862068965517243","0.6905419897706649","30.0","19.0","190.0","86.0"
"zookeeper","20","Best_First_BidirectionalUnder_Sampling","Naive Bayes","0.32441901202849477","0.7454545454545455","0.35344827586206895","0.7161565748226365","41.0","14.0","195.0","75.0"
"zookeeper","20","Best_First_BidirectionalUnder_Sampling","IBK","0.27979854504756585","0.6133333333333333","0.39655172413793105","0.6841280316779409","46.0","29.0","180.0","70.0"
"zookeeper","20","Best_First_BidirectionalUnder_Sampling","Random Forest","0.3088170137350466","0.625","0.43103448275862066","0.7024212176208546","50.0","30.0","179.0","66.0"
"zookeeper","20","Best_First_BidirectionalOver_Sampling","Naive Bayes","0.3214712988810435","0.7547169811320755","0.3448275862068966","0.7132898861573997","40.0","13.0","196.0","76.0"
"zookeeper","20","Best_First_BidirectionalOver_Sampling","IBK","0.21473644701963446","0.6226415094339622","0.28448275862068967","0.6995339052961558","33.0","20.0","189.0","83.0"
"zookeeper","20","Best_First_BidirectionalOver_Sampling","Random Forest","0.18550146192045291","0.5689655172413793","0.28448275862068967","0.6732181158224715","33.0","25.0","184.0","83.0"
"zookeeper","20","Best_First_BidirectionalSensitive_Classifier_FP_Cost_1","Naive Bayes","0.32416820702402954","0.7166666666666667","0.3706896551724138","0.6446749711268768","43.0","17.0","192.0","73.0"
"zookeeper","20","Best_First_BidirectionalSensitive_Classifier_FP_Cost_1","IBK","0.23664565940326954","0.631578947368421","0.3103448275862069","0.6049331793433427","36.0","21.0","188.0","80.0"
"zookeeper","20","Best_First_BidirectionalSensitive_Classifier_FP_Cost_1","Random Forest","0.3515670463047636","0.5892857142857143","0.5689655172413793","0.6744349117307376","66.0","46.0","163.0","50.0"
"zookeeper","20","Best_First_BidirectionalSensitive_Classifier_FP_Cost_3","Naive Bayes","0.32416820702402954","0.7166666666666667","0.3706896551724138","0.6446749711268768","43.0","17.0","192.0","73.0"
"zookeeper","20","Best_First_BidirectionalSensitive_Classifier_FP_Cost_3","IBK","0.23664565940326954","0.631578947368421","0.3103448275862069","0.6049331793433427","36.0","21.0","188.0","80.0"
"zookeeper","20","Best_First_BidirectionalSensitive_Classifier_FP_Cost_3","Random Forest","0.3515670463047636","0.5892857142857143","0.5689655172413793","0.6744349117307376","66.0","46.0","163.0","50.0"
"zookeeper","20","Best_First_BidirectionalSensitive_Learning_FP_Cost_1","Naive Bayes","0.32416820702402954","0.7166666666666667","0.3706896551724138","0.7163009404388715","43.0","17.0","192.0","73.0"
"zookeeper","20","Best_First_BidirectionalSensitive_Learning_FP_Cost_1","IBK","0.23664565940326954","0.631578947368421","0.3103448275862069","0.7194769839960402","36.0","21.0","188.0","80.0"
"zookeeper","20","Best_First_BidirectionalSensitive_Learning_FP_Cost_1","Random Forest","0.3314805899601734","0.627906976744186","0.46551724137931033","0.7062365946213496","54.0","32.0","177.0","62.0"
"zookeeper","20","None","Naive Bayes","0.2847338902430365","0.7346938775510204","0.3103448275862069","0.6965022273552219","36.0","13.0","196.0","80.0"
"zookeeper","20","None","IBK","0.19362389401245275","0.5925925925925926","0.27586206896551724","0.69039762415443","32.0","22.0","187.0","84.0"
"zookeeper","20","None","Random Forest","0.2665036674816627","0.6923076923076923","0.3103448275862069","0.7043598416102953","36.0","16.0","193.0","80.0"
"zookeeper","21","Best_First_Bidirectional","Naive Bayes","0.3692307692307693","0.7241379310344828","0.3888888888888889","0.7098186728395062","42.0","16.0","224.0","66.0"
"zookeeper","21","Best_First_Bidirectional","IBK","0.16512764801738183","0.52","0.24074074074074073","0.6827739197530864","26.0","24.0","216.0","82.0"
"zookeeper","21","Best_First_Bidirectional","Random Forest","0.20212476164532833","0.5714285714285714","0.25925925925925924","0.7232253086419753","28.0","21.0","219.0","80.0"
"zookeeper","21","Best_First_BidirectionalUnder_Sampling","Naive Bayes","0.34609334032511807","0.6774193548387096","0.3888888888888889","0.7092013888888888","42.0","20.0","220.0","66.0"
"zookeeper","21","Best_First_BidirectionalUnder_Sampling","IBK","0.22114686668279704","0.4835164835164835","0.4074074074074074","0.6807677469135802","44.0","47.0","193.0","64.0"
"zookeeper","21","Best_First_BidirectionalUnder_Sampling","Random Forest","0.2719363658960974","0.5432098765432098","0.4074074074074074","0.7188464506172839","44.0","37.0","203.0","64.0"
"zookeeper","21","Best_First_BidirectionalOver_Sampling","Naive Bayes","0.36858475894245707","0.6818181818181818","0.4166666666666667","0.7123842592592593","45.0","21.0","219.0","63.0"
"zookeeper","21","Best_First_BidirectionalOver_Sampling","IBK","0.19217991311014573","0.49295774647887325","0.32407407407407407","0.6777970679012346","35.0","36.0","204.0","73.0"
"zookeeper","21","Best_First_BidirectionalOver_Sampling","Random Forest","0.2621434078643023","0.5652173913043478","0.3611111111111111","0.7241126543209877","39.0","30.0","210.0","69.0"
"zookeeper","21","Best_First_BidirectionalSensitive_Classifier_FP_Cost_1","Naive Bayes","0.398400399900025","0.6582278481012658","0.48148148148148145","0.6844907407407408","52.0","27.0","213.0","56.0"
"zookeeper","21","Best_First_BidirectionalSensitive_Classifier_FP_Cost_1","IBK","0.14345991561181415","0.4666666666666667","0.25925925925925924","0.562962962962963","28.0","32.0","208.0","80.0"
"zookeeper","21","Best_First_BidirectionalSensitive_Classifier_FP_Cost_1","Random Forest","0.37655578185109756","0.5555555555555556","0.6018518518518519","0.6925925925925925","65.0","52.0","188.0","43.0"
"zookeeper","21","Best_First_BidirectionalSensitive_Classifier_FP_Cost_3","Naive Bayes","0.398400399900025","0.6582278481012658","0.48148148148148145","0.6844907407407408","52.0","27.0","213.0","56.0"
"zookeeper","21","Best_First_BidirectionalSensitive_Classifier_FP_Cost_3","IBK","0.14345991561181415","0.4666666666666667","0.25925925925925924","0.562962962962963","28.0","32.0","208.0","80.0"
"zookeeper","21","Best_First_BidirectionalSensitive_Classifier_FP_Cost_3","Random Forest","0.37655578185109756","0.5555555555555556","0.6018518518518519","0.6925925925925925","65.0","52.0","188.0","43.0"
"zookeeper","21","Best_First_BidirectionalSensitive_Learning_FP_Cost_1","Naive Bayes","0.398400399900025","0.6582278481012658","0.48148148148148145","0.7098186728395062","52.0","27.0","213.0","56.0"
"zookeeper","21","Best_First_BidirectionalSensitive_Learning_FP_Cost_1","IBK","0.14345991561181415","0.4666666666666667","0.25925925925925924","0.6826967592592592","28.0","32.0","208.0","80.0"
"zookeeper","21","Best_First_BidirectionalSensitive_Learning_FP_Cost_1","Random Forest","0.31938059520929113","0.5604395604395604","0.4722222222222222","0.7260802469135802","51.0","40.0","200.0","57.0"
"zookeeper","21","None","Naive Bayes","0.34229957805907174","0.6833333333333333","0.37962962962962965","0.7042438271604938","41.0","19.0","221.0","67.0"
"zookeeper","21","None","IBK","0.2797385620915033","0.6031746031746031","0.35185185185185186","0.7104552469135802","38.0","25.0","215.0","70.0"
"zookeeper","21","None","Random Forest","0.20436730123180288","0.625","0.23148148148148148","0.718113425925926","25.0","15.0","225.0","83.0"
