"Release","File","# Authors in Release","LOC","Avg Churn in Release","# Revision in Release","Avg LOC Added in release","Feature 6","Feature 7","Feature 8","Feature 9","Feature 10","Buggy"
"1","bookkeeper-benchmark/src/main/java/org/apache/bookkeeper/benchmark/BenchBookie.java","1","194","64","3","68","null","null","null","null","null","null"
"1","bookkeeper-benchmark/src/main/java/org/apache/bookkeeper/benchmark/BenchReadThroughputLatency.java","1","244","122","2","128","null","null","null","null","null","null"
"1","bookkeeper-benchmark/src/main/java/org/apache/bookkeeper/benchmark/BenchThroughputLatency.java","3","406","81","5","96","null","null","null","null","null","null"
"1","bookkeeper-benchmark/src/main/java/org/apache/bookkeeper/benchmark/MySqlClient.java","2","124","31","4","54","null","null","null","null","null","null"
"1","bookkeeper-server/src/main/java/org/apache/bookkeeper/bookie/Bookie.java","4","688","5","34","34","null","null","null","null","null","null"
"1","bookkeeper-server/src/main/java/org/apache/bookkeeper/bookie/BookieBean.java","2","46","23","2","24","null","null","null","null","null","null"
"1","bookkeeper-server/src/main/java/org/apache/bookkeeper/bookie/BookieException.java","4","135","12","5","19","null","null","null","null","null","null"
"1","bookkeeper-server/src/main/java/org/apache/bookkeeper/bookie/BookieMXBean.java","2","28","14","2","15","null","null","null","null","null","null"
"1","bookkeeper-server/src/main/java/org/apache/bookkeeper/bookie/BufferedChannel.java","2","162","3","4","6","null","null","null","null","null","null"
"1","bookkeeper-server/src/main/java/org/apache/bookkeeper/bookie/Cookie.java","1","177","88","2","91","null","null","null","null","null","null"
"1","bookkeeper-server/src/main/java/org/apache/bookkeeper/bookie/EntryLogger.java","4","426","1","21","22","null","null","null","null","null","null"
"1","bookkeeper-server/src/main/java/org/apache/bookkeeper/bookie/ExitCode.java","1","36","36","1","36","null","null","null","null","null","null"
"1","bookkeeper-server/src/main/java/org/apache/bookkeeper/bookie/FileInfo.java","3","230","13","9","21","null","null","null","null","null","null"
"1","bookkeeper-server/src/main/java/org/apache/bookkeeper/bookie/FileSystemUpgrade.java","3","342","85","4","90","null","null","null","null","null","null"
"1","bookkeeper-server/src/main/java/org/apache/bookkeeper/bookie/GarbageCollectorThread.java","3","459","65","7","70","null","null","null","null","null","null"
"1","bookkeeper-server/src/main/java/org/apache/bookkeeper/bookie/HandleFactory.java","1","29","29","1","29","null","null","null","null","null","null"
"1","bookkeeper-server/src/main/java/org/apache/bookkeeper/bookie/HandleFactoryImpl.java","1","60","30","2","34","null","null","null","null","null","null"
"1","bookkeeper-server/src/main/java/org/apache/bookkeeper/bookie/InterleavedLedgerStorage.java","2","169","42","4","48","null","null","null","null","null","null"
"1","bookkeeper-server/src/main/java/org/apache/bookkeeper/bookie/Journal.java","2","519","173","3","177","null","null","null","null","null","null"
"1","bookkeeper-server/src/main/java/org/apache/bookkeeper/bookie/JournalChannel.java","1","143","47","3","48","null","null","null","null","null","null"
"1","bookkeeper-server/src/main/java/org/apache/bookkeeper/bookie/LedgerCache.java","4","42","30","15","13","null","null","null","null","null","null"
"1","bookkeeper-server/src/main/java/org/apache/bookkeeper/bookie/LedgerCacheBean.java","1","25","12","2","36","null","null","null","null","null","null"
"1","bookkeeper-server/src/main/java/org/apache/bookkeeper/bookie/LedgerCacheImpl.java","3","710","101","7","108","null","null","null","null","null","null"
"1","bookkeeper-server/src/main/java/org/apache/bookkeeper/bookie/LedgerCacheMXBean.java","1","54","54","1","54","null","null","null","null","null","null"
"1","bookkeeper-server/src/main/java/org/apache/bookkeeper/bookie/LedgerDescriptor.java","3","56","7","10","10","null","null","null","null","null","null"
"1","bookkeeper-server/src/main/java/org/apache/bookkeeper/bookie/LedgerDescriptorImpl.java","1","80","40","2","53","null","null","null","null","null","null"
"1","bookkeeper-server/src/main/java/org/apache/bookkeeper/bookie/LedgerDescriptorReadOnlyImpl.java","1","47","23","2","25","null","null","null","null","null","null"
"1","bookkeeper-server/src/main/java/org/apache/bookkeeper/bookie/LedgerEntryPage.java","3","147","2","5","4","null","null","null","null","null","null"
"1","bookkeeper-server/src/main/java/org/apache/bookkeeper/bookie/LedgerStorage.java","1","82","82","1","82","null","null","null","null","null","null"
"1","bookkeeper-server/src/main/java/org/apache/bookkeeper/bookie/MarkerFileChannel.java","1","133","0","1","0","null","null","null","null","null","null"
"1","bookkeeper-server/src/main/java/org/apache/bookkeeper/client/AsyncCallback.java","3","126","2","6","22","null","null","null","null","null","null"
"1","bookkeeper-server/src/main/java/org/apache/bookkeeper/client/BKException.java","3","254","6","5","7","null","null","null","null","null","null"
"1","bookkeeper-server/src/main/java/org/apache/bookkeeper/client/BookieWatcher.java","3","195","1","7","3","null","null","null","null","null","null"
"1","bookkeeper-server/src/main/java/org/apache/bookkeeper/client/BookKeeper.java","4","524","10","15","47","null","null","null","null","null","null"
"1","bookkeeper-server/src/main/java/org/apache/bookkeeper/client/BookKeeperAdmin.java","3","720","72","10","92","null","null","null","null","null","null"
"1","bookkeeper-server/src/main/java/org/apache/bookkeeper/client/CRC32DigestManager.java","2","50","1","3","4","null","null","null","null","null","null"
"1","bookkeeper-server/src/main/java/org/apache/bookkeeper/client/DigestManager.java","3","166","0","8","3","null","null","null","null","null","null"
"1","bookkeeper-server/src/main/java/org/apache/bookkeeper/client/DistributionSchedule.java","3","59","0","4","4","null","null","null","null","null","null"
"1","bookkeeper-server/src/main/java/org/apache/bookkeeper/client/LedgerCreateOp.java","3","135","2","10","6","null","null","null","null","null","null"
"1","bookkeeper-server/src/main/java/org/apache/bookkeeper/client/LedgerDeleteOp.java","3","73","0","4","3","null","null","null","null","null","null"
"1","bookkeeper-server/src/main/java/org/apache/bookkeeper/client/LedgerEntry.java","2","76","0","3","14","null","null","null","null","null","null"
"1","bookkeeper-server/src/main/java/org/apache/bookkeeper/client/LedgerHandle.java","4","815","15","21","49","null","null","null","null","null","null"
"1","bookkeeper-server/src/main/java/org/apache/bookkeeper/client/LedgerMetadata.java","4","281","8","12","12","null","null","null","null","null","null"
"1","bookkeeper-server/src/main/java/org/apache/bookkeeper/client/LedgerOpenOp.java","3","154","2","10","9","null","null","null","null","null","null"
"1","bookkeeper-server/src/main/java/org/apache/bookkeeper/client/LedgerRecoveryOp.java","4","138","2","12","6","null","null","null","null","null","null"
"1","bookkeeper-server/src/main/java/org/apache/bookkeeper/client/MacDigestManager.java","3","76","3","5","6","null","null","null","null","null","null"
"1","bookkeeper-server/src/main/java/org/apache/bookkeeper/client/PendingAddOp.java","3","153","4","6","7","null","null","null","null","null","null"
"1","bookkeeper-server/src/main/java/org/apache/bookkeeper/client/PendingReadOp.java","4","171","2","7","5","null","null","null","null","null","null"
"1","bookkeeper-server/src/main/java/org/apache/bookkeeper/client/ReadLastConfirmedOp.java","2","115","10","11","15","null","null","null","null","null","null"
"1","bookkeeper-server/src/main/java/org/apache/bookkeeper/client/ReadOnlyLedgerHandle.java","2","72","36","2","36","null","null","null","null","null","null"
"1","bookkeeper-server/src/main/java/org/apache/bookkeeper/client/RoundRobinDistributionSchedule.java","3","81","1","3","7","null","null","null","null","null","null"
"1","bookkeeper-server/src/main/java/org/apache/bookkeeper/client/SyncCounter.java","2","77","0","2","0","null","null","null","null","null","null"
"1","bookkeeper-server/src/main/java/org/apache/bookkeeper/conf/AbstractConfiguration.java","3","102","25","4","26","null","null","null","null","null","null"
"1","bookkeeper-server/src/main/java/org/apache/bookkeeper/conf/ClientConfiguration.java","2","249","35","7","37","null","null","null","null","null","null"
"1","bookkeeper-server/src/main/java/org/apache/bookkeeper/conf/ServerConfiguration.java","3","495","49","10","52","null","null","null","null","null","null"
"1","bookkeeper-server/src/main/java/org/apache/bookkeeper/jmx/BKMBeanInfo.java","1","25","25","1","25","null","null","null","null","null","null"
"1","bookkeeper-server/src/main/java/org/apache/bookkeeper/jmx/BKMBeanRegistry.java","1","80","40","2","40","null","null","null","null","null","null"
"1","bookkeeper-server/src/main/java/org/apache/bookkeeper/meta/AbstractZkLedgerManager.java","3","255","42","6","44","null","null","null","null","null","null"
"1","bookkeeper-server/src/main/java/org/apache/bookkeeper/meta/FlatLedgerManager.java","2","158","52","3","62","null","null","null","null","null","null"
"1","bookkeeper-server/src/main/java/org/apache/bookkeeper/meta/HierarchicalLedgerManager.java","2","457","91","5","98","null","null","null","null","null","null"
"1","bookkeeper-server/src/main/java/org/apache/bookkeeper/meta/LedgerLayout.java","1","189","94","2","94","null","null","null","null","null","null"
"1","bookkeeper-server/src/main/java/org/apache/bookkeeper/meta/LedgerManager.java","1","133","66","2","67","null","null","null","null","null","null"
"1","bookkeeper-server/src/main/java/org/apache/bookkeeper/meta/LedgerManagerFactory.java","1","89","44","2","45","null","null","null","null","null","null"
"1","bookkeeper-server/src/main/java/org/apache/bookkeeper/meta/SnapshotMap.java","1","119","119","1","119","null","null","null","null","null","null"
"1","bookkeeper-server/src/main/java/org/apache/bookkeeper/proto/BKStats.java","1","213","213","1","213","null","null","null","null","null","null"
"1","bookkeeper-server/src/main/java/org/apache/bookkeeper/proto/BookieClient.java","4","205","4","10","7","null","null","null","null","null","null"
"1","bookkeeper-server/src/main/java/org/apache/bookkeeper/proto/BookieProtocol.java","3","155","12","7","14","null","null","null","null","null","null"
"1","bookkeeper-server/src/main/java/org/apache/bookkeeper/proto/BookieServer.java","3","457","13","20","19","null","null","null","null","null","null"
"1","bookkeeper-server/src/main/java/org/apache/bookkeeper/proto/BookieServerBean.java","1","81","81","1","81","null","null","null","null","null","null"
"1","bookkeeper-server/src/main/java/org/apache/bookkeeper/proto/BookieServerMXBean.java","1","53","53","1","53","null","null","null","null","null","null"
"1","bookkeeper-server/src/main/java/org/apache/bookkeeper/proto/BookkeeperInternalCallbacks.java","3","119","22","3","25","null","null","null","null","null","null"
"1","bookkeeper-server/src/main/java/org/apache/bookkeeper/proto/NIOServerFactory.java","3","477","0","12","3","null","null","null","null","null","null"
"1","bookkeeper-server/src/main/java/org/apache/bookkeeper/proto/PerChannelBookieClient.java","4","625","5","19","14","null","null","null","null","null","null"
"1","bookkeeper-server/src/main/java/org/apache/bookkeeper/proto/ServerStats.java","1","134","0","1","0","null","null","null","null","null","null"
"1","bookkeeper-server/src/main/java/org/apache/bookkeeper/streaming/LedgerInputStream.java","2","157","0","3","3","null","null","null","null","null","null"
"1","bookkeeper-server/src/main/java/org/apache/bookkeeper/streaming/LedgerOutputStream.java","2","134","0","3","3","null","null","null","null","null","null"
"1","bookkeeper-server/src/main/java/org/apache/bookkeeper/tools/BookKeeperTools.java","3","83","87","7","9","null","null","null","null","null","null"
"1","bookkeeper-server/src/main/java/org/apache/bookkeeper/util/HardLink.java","1","598","299","2","300","null","null","null","null","null","null"
"1","bookkeeper-server/src/main/java/org/apache/bookkeeper/util/IOUtils.java","1","50","50","1","50","null","null","null","null","null","null"
"1","bookkeeper-server/src/main/java/org/apache/bookkeeper/util/LocalBookKeeper.java","4","231","4","9","28","null","null","null","null","null","null"
"1","bookkeeper-server/src/main/java/org/apache/bookkeeper/util/Main.java","3","49","0","3","1","null","null","null","null","null","null"
"1","bookkeeper-server/src/main/java/org/apache/bookkeeper/util/MathUtils.java","2","35","0","2","2","null","null","null","null","null","null"
"1","bookkeeper-server/src/main/java/org/apache/bookkeeper/util/OrderedSafeExecutor.java","2","89","0","2","2","null","null","null","null","null","null"
"1","bookkeeper-server/src/main/java/org/apache/bookkeeper/util/SafeRunnable.java","2","36","0","3","3","null","null","null","null","null","null"
"1","bookkeeper-server/src/main/java/org/apache/bookkeeper/util/StringUtils.java","3","63","8","3","1","null","null","null","null","null","null"
"1","bookkeeper-server/src/main/java/org/apache/bookkeeper/util/ZkUtils.java","1","85","85","1","85","null","null","null","null","null","null"
"1","hedwig-client/src/main/java/org/apache/hedwig/client/api/Client.java","1","38","38","1","38","null","null","null","null","null","null"
"1","hedwig-client/src/main/java/org/apache/hedwig/client/api/MessageHandler.java","2","44","14","3","17","null","null","null","null","null","null"
"1","hedwig-client/src/main/java/org/apache/hedwig/client/api/Publisher.java","2","57","28","2","30","null","null","null","null","null","null"
"1","hedwig-client/src/main/java/org/apache/hedwig/client/api/Subscriber.java","3","287","57","5","62","null","null","null","null","null","null"
"1","hedwig-client/src/main/java/org/apache/hedwig/client/benchmark/BenchmarkPublisher.java","3","123","30","4","32","null","null","null","null","null","null"
"1","hedwig-client/src/main/java/org/apache/hedwig/client/benchmark/BenchmarkSubscriber.java","3","127","25","5","28","null","null","null","null","null","null"
"1","hedwig-client/src/main/java/org/apache/hedwig/client/benchmark/BenchmarkUtils.java","3","171","43","4","44","null","null","null","null","null","null"
"1","hedwig-client/src/main/java/org/apache/hedwig/client/benchmark/BenchmarkWorker.java","2","42","21","2","21","null","null","null","null","null","null"
"1","hedwig-client/src/main/java/org/apache/hedwig/client/benchmark/HedwigBenchmark.java","3","149","25","6","29","null","null","null","null","null","null"
"1","hedwig-client/src/main/java/org/apache/hedwig/client/conf/ClientConfiguration.java","3","146","36","4","37","null","null","null","null","null","null"
"1","hedwig-client/src/main/java/org/apache/hedwig/client/data/MessageConsumeData.java","2","53","26","2","27","null","null","null","null","null","null"
"1","hedwig-client/src/main/java/org/apache/hedwig/client/data/PubSubData.java","3","134","45","3","49","null","null","null","null","null","null"
"1","hedwig-client/src/main/java/org/apache/hedwig/client/data/TopicSubscriber.java","2","67","33","2","35","null","null","null","null","null","null"
"1","hedwig-client/src/main/java/org/apache/hedwig/client/exceptions/AlreadyStartDeliveryException.java","1","33","33","1","33","null","null","null","null","null","null"
"1","hedwig-client/src/main/java/org/apache/hedwig/client/exceptions/InvalidSubscriberIdException.java","1","34","34","1","34","null","null","null","null","null","null"
"1","hedwig-client/src/main/java/org/apache/hedwig/client/exceptions/ServerRedirectLoopException.java","2","35","17","2","18","null","null","null","null","null","null"
"1","hedwig-client/src/main/java/org/apache/hedwig/client/exceptions/TooManyServerRedirectsException.java","2","36","18","2","18","null","null","null","null","null","null"
"1","hedwig-client/src/main/java/org/apache/hedwig/client/handlers/MessageConsumeCallback.java","2","87","21","4","24","null","null","null","null","null","null"
"1","hedwig-client/src/main/java/org/apache/hedwig/client/handlers/PublishResponseHandler.java","2","64","16","4","17","null","null","null","null","null","null"
"1","hedwig-client/src/main/java/org/apache/hedwig/client/handlers/PubSubCallback.java","2","80","26","3","27","null","null","null","null","null","null"
"1","hedwig-client/src/main/java/org/apache/hedwig/client/handlers/SubscribeReconnectCallback.java","3","103","20","5","25","null","null","null","null","null","null"
"1","hedwig-client/src/main/java/org/apache/hedwig/client/handlers/SubscribeResponseHandler.java","3","308","44","7","59","null","null","null","null","null","null"
"1","hedwig-client/src/main/java/org/apache/hedwig/client/handlers/UnsubscribeResponseHandler.java","2","76","19","4","21","null","null","null","null","null","null"
"1","hedwig-client/src/main/java/org/apache/hedwig/client/HedwigClient.java","1","65","65","1","65","null","null","null","null","null","null"
"1","hedwig-client/src/main/java/org/apache/hedwig/client/netty/ClientChannelPipelineFactory.java","2","53","17","3","19","null","null","null","null","null","null"
"1","hedwig-client/src/main/java/org/apache/hedwig/client/netty/ConnectCallback.java","3","117","23","5","25","null","null","null","null","null","null"
"1","hedwig-client/src/main/java/org/apache/hedwig/client/netty/HedwigClientImpl.java","2","327","1","2","9","null","null","null","null","null","null"
"1","hedwig-client/src/main/java/org/apache/hedwig/client/netty/HedwigPublisher.java","3","218","36","6","38","null","null","null","null","null","null"
"1","hedwig-client/src/main/java/org/apache/hedwig/client/netty/HedwigSubscriber.java","3","614","76","8","86","null","null","null","null","null","null"
"1","hedwig-client/src/main/java/org/apache/hedwig/client/netty/ResponseHandler.java","3","330","55","6","59","null","null","null","null","null","null"
"1","hedwig-client/src/main/java/org/apache/hedwig/client/netty/WriteCallback.java","3","93","18","5","20","null","null","null","null","null","null"
"1","hedwig-client/src/main/java/org/apache/hedwig/client/ssl/SslClientContextFactory.java","1","37","37","1","37","null","null","null","null","null","null"
"1","hedwig-client/src/main/java/org/apache/hedwig/client/ssl/SslContextFactory.java","2","60","30","2","36","null","null","null","null","null","null"
"1","hedwig-client/src/main/java/org/apache/hedwig/conf/AbstractConfiguration.java","3","57","14","4","15","null","null","null","null","null","null"
"1","hedwig-client/src/main/java/org/apache/hedwig/util/Callback.java","2","43","21","2","23","null","null","null","null","null","null"
"1","hedwig-client/src/main/java/org/apache/hedwig/util/CallbackUtils.java","3","165","41","4","46","null","null","null","null","null","null"
"1","hedwig-client/src/main/java/org/apache/hedwig/util/ConcurrencyUtils.java","1","45","45","1","45","null","null","null","null","null","null"
"1","hedwig-client/src/main/java/org/apache/hedwig/util/Either.java","1","45","45","1","45","null","null","null","null","null","null"
"1","hedwig-client/src/main/java/org/apache/hedwig/util/FileUtils.java","2","89","44","2","45","null","null","null","null","null","null"
"1","hedwig-client/src/main/java/org/apache/hedwig/util/HedwigSocketAddress.java","2","129","65","2","65","null","null","null","null","null","null"
"1","hedwig-client/src/main/java/org/apache/hedwig/util/Option.java","1","39","39","1","39","null","null","null","null","null","null"
"1","hedwig-client/src/main/java/org/apache/hedwig/util/Pair.java","1","38","38","1","38","null","null","null","null","null","null"
"1","hedwig-client/src/main/java/org/apache/hedwig/util/PathUtils.java","2","51","25","2","27","null","null","null","null","null","null"
"1","hedwig-protocol/src/main/java/org/apache/hedwig/exceptions/PubSubException.java","2","146","73","2","73","null","null","null","null","null","null"
"1","hedwig-protocol/src/main/java/org/apache/hedwig/protocol/PubSubProtocol.java","2","5871","1957","3","5637","null","null","null","null","null","null"
"1","hedwig-protocol/src/main/java/org/apache/hedwig/protoextensions/MessageIdUtils.java","2","138","69","2","70","null","null","null","null","null","null"
"1","hedwig-protocol/src/main/java/org/apache/hedwig/protoextensions/PubSubResponseUtils.java","2","39","19","2","20","null","null","null","null","null","null"
"1","hedwig-protocol/src/main/java/org/apache/hedwig/protoextensions/SubscriptionStateUtils.java","2","37","18","2","19","null","null","null","null","null","null"
"1","hedwig-server/src/main/java/org/apache/hedwig/admin/console/HedwigCommands.java","1","383","191","2","193","null","null","null","null","null","null"
"1","hedwig-server/src/main/java/org/apache/hedwig/admin/console/HedwigConsole.java","1","937","469","2","476","null","null","null","null","null","null"
"1","hedwig-server/src/main/java/org/apache/hedwig/admin/console/JLineHedwigCompletor.java","1","83","83","1","83","null","null","null","null","null","null"
"1","hedwig-server/src/main/java/org/apache/hedwig/admin/console/ReadTopic.java","1","320","160","2","161","null","null","null","null","null","null"
"1","hedwig-server/src/main/java/org/apache/hedwig/admin/HedwigAdmin.java","2","360","120","3","122","null","null","null","null","null","null"
"1","hedwig-server/src/main/java/org/apache/hedwig/server/benchmark/AbstractBenchmark.java","2","95","31","3","47","null","null","null","null","null","null"
"1","hedwig-server/src/main/java/org/apache/hedwig/server/benchmark/BookieBenchmark.java","3","95","19","5","27","null","null","null","null","null","null"
"1","hedwig-server/src/main/java/org/apache/hedwig/server/benchmark/BookkeeperBenchmark.java","3","83","20","4","28","null","null","null","null","null","null"
"1","hedwig-server/src/main/java/org/apache/hedwig/server/benchmark/FakeBookie.java","2","91","30","3","45","null","null","null","null","null","null"
"1","hedwig-server/src/main/java/org/apache/hedwig/server/common/ByteStringInterner.java","1","41","41","1","41","null","null","null","null","null","null"
"1","hedwig-server/src/main/java/org/apache/hedwig/server/common/ServerConfiguration.java","3","270","67","4","68","null","null","null","null","null","null"
"1","hedwig-server/src/main/java/org/apache/hedwig/server/common/TerminateJVMExceptionHandler.java","3","29","9","3","11","null","null","null","null","null","null"
"1","hedwig-server/src/main/java/org/apache/hedwig/server/common/TopicOpQueuer.java","1","100","100","1","100","null","null","null","null","null","null"
"1","hedwig-server/src/main/java/org/apache/hedwig/server/common/UnexpectedError.java","2","32","16","2","16","null","null","null","null","null","null"
"1","hedwig-server/src/main/java/org/apache/hedwig/server/delivery/ChannelEndPoint.java","2","77","38","2","38","null","null","null","null","null","null"
"1","hedwig-server/src/main/java/org/apache/hedwig/server/delivery/DeliveryCallback.java","1","25","25","1","25","null","null","null","null","null","null"
"1","hedwig-server/src/main/java/org/apache/hedwig/server/delivery/DeliveryEndPoint.java","1","26","26","1","26","null","null","null","null","null","null"
"1","hedwig-server/src/main/java/org/apache/hedwig/server/delivery/DeliveryManager.java","3","33","8","4","8","null","null","null","null","null","null"
"1","hedwig-server/src/main/java/org/apache/hedwig/server/delivery/FIFODeliveryManager.java","3","517","86","6","92","null","null","null","null","null","null"
"1","hedwig-server/src/main/java/org/apache/hedwig/server/handlers/BaseHandler.java","3","61","20","3","25","null","null","null","null","null","null"
"1","hedwig-server/src/main/java/org/apache/hedwig/server/handlers/ChannelDisconnectListener.java","2","27","13","2","14","null","null","null","null","null","null"
"1","hedwig-server/src/main/java/org/apache/hedwig/server/handlers/ConsumeHandler.java","3","65","22","3","22","null","null","null","null","null","null"
"1","hedwig-server/src/main/java/org/apache/hedwig/server/handlers/Handler.java","2","34","17","2","18","null","null","null","null","null","null"
"1","hedwig-server/src/main/java/org/apache/hedwig/server/handlers/NettyHandlerBean.java","1","46","23","2","23","null","null","null","null","null","null"
"1","hedwig-server/src/main/java/org/apache/hedwig/server/handlers/NettyHandlerMXBean.java","1","28","28","1","28","null","null","null","null","null","null"
"1","hedwig-server/src/main/java/org/apache/hedwig/server/handlers/PublishHandler.java","3","70","23","3","27","null","null","null","null","null","null"
"1","hedwig-server/src/main/java/org/apache/hedwig/server/handlers/SubscribeHandler.java","3","152","38","4","40","null","null","null","null","null","null"
"1","hedwig-server/src/main/java/org/apache/hedwig/server/handlers/UnsubscribeHandler.java","3","73","24","3","25","null","null","null","null","null","null"
"1","hedwig-server/src/main/java/org/apache/hedwig/server/jmx/HedwigJMXService.java","1","34","34","1","34","null","null","null","null","null","null"
"1","hedwig-server/src/main/java/org/apache/hedwig/server/jmx/HedwigMBeanInfo.java","1","25","25","1","25","null","null","null","null","null","null"
"1","hedwig-server/src/main/java/org/apache/hedwig/server/jmx/HedwigMBeanRegistry.java","1","44","44","1","44","null","null","null","null","null","null"
"1","hedwig-server/src/main/java/org/apache/hedwig/server/netty/PubSubServer.java","3","393","43","9","48","null","null","null","null","null","null"
"1","hedwig-server/src/main/java/org/apache/hedwig/server/netty/PubSubServerBean.java","1","70","70","1","70","null","null","null","null","null","null"
"1","hedwig-server/src/main/java/org/apache/hedwig/server/netty/PubSubServerMXBean.java","1","57","57","1","57","null","null","null","null","null","null"
"1","hedwig-server/src/main/java/org/apache/hedwig/server/netty/PubSubServerPipelineFactory.java","2","69","34","2","35","null","null","null","null","null","null"
"1","hedwig-server/src/main/java/org/apache/hedwig/server/netty/ServerStats.java","1","172","86","2","87","null","null","null","null","null","null"
"1","hedwig-server/src/main/java/org/apache/hedwig/server/netty/UmbrellaHandler.java","3","144","36","4","37","null","null","null","null","null","null"
"1","hedwig-server/src/main/java/org/apache/hedwig/server/persistence/BookkeeperPersistenceManager.java","3","816","136","6","165","null","null","null","null","null","null"
"1","hedwig-server/src/main/java/org/apache/hedwig/server/persistence/CacheKey.java","2","67","33","2","34","null","null","null","null","null","null"
"1","hedwig-server/src/main/java/org/apache/hedwig/server/persistence/CacheValue.java","2","85","28","3","29","null","null","null","null","null","null"
"1","hedwig-server/src/main/java/org/apache/hedwig/server/persistence/Factory.java","1","20","20","1","20","null","null","null","null","null","null"
"1","hedwig-server/src/main/java/org/apache/hedwig/server/persistence/LocalDBPersistenceManager.java","3","433","86","5","90","null","null","null","null","null","null"
"1","hedwig-server/src/main/java/org/apache/hedwig/server/persistence/MapMethods.java","1","56","56","1","56","null","null","null","null","null","null"
"1","hedwig-server/src/main/java/org/apache/hedwig/server/persistence/PersistenceManager.java","3","85","28","3","30","null","null","null","null","null","null"
"1","hedwig-server/src/main/java/org/apache/hedwig/server/persistence/PersistenceManagerWithRangeScan.java","2","25","12","2","13","null","null","null","null","null","null"
"1","hedwig-server/src/main/java/org/apache/hedwig/server/persistence/PersistRequest.java","2","53","26","2","27","null","null","null","null","null","null"
"1","hedwig-server/src/main/java/org/apache/hedwig/server/persistence/RangeScanRequest.java","2","70","35","2","36","null","null","null","null","null","null"
"1","hedwig-server/src/main/java/org/apache/hedwig/server/persistence/ReadAheadCache.java","3","670","111","6","118","null","null","null","null","null","null"
"1","hedwig-server/src/main/java/org/apache/hedwig/server/persistence/ReadAheadCacheBean.java","1","58","58","1","58","null","null","null","null","null","null"
"1","hedwig-server/src/main/java/org/apache/hedwig/server/persistence/ReadAheadCacheMXBean.java","1","41","41","1","41","null","null","null","null","null","null"
"1","hedwig-server/src/main/java/org/apache/hedwig/server/persistence/ScanCallback.java","2","57","28","2","30","null","null","null","null","null","null"
"1","hedwig-server/src/main/java/org/apache/hedwig/server/persistence/ScanCallbackWithContext.java","1","34","34","1","34","null","null","null","null","null","null"
"1","hedwig-server/src/main/java/org/apache/hedwig/server/persistence/ScanRequest.java","2","58","29","2","29","null","null","null","null","null","null"
"1","hedwig-server/src/main/java/org/apache/hedwig/server/proxy/ChannelTracker.java","2","112","56","2","57","null","null","null","null","null","null"
"1","hedwig-server/src/main/java/org/apache/hedwig/server/proxy/HedwigProxy.java","3","155","25","6","28","null","null","null","null","null","null"
"1","hedwig-server/src/main/java/org/apache/hedwig/server/proxy/ProxyConfiguration.java","3","33","11","3","13","null","null","null","null","null","null"
"1","hedwig-server/src/main/java/org/apache/hedwig/server/proxy/ProxyConsumeHandler.java","2","53","26","2","27","null","null","null","null","null","null"
"1","hedwig-server/src/main/java/org/apache/hedwig/server/proxy/ProxyPublishHander.java","1","56","56","1","56","null","null","null","null","null","null"
"1","hedwig-server/src/main/java/org/apache/hedwig/server/proxy/ProxyStartDeliveryHandler.java","3","119","24","5","26","null","null","null","null","null","null"
"1","hedwig-server/src/main/java/org/apache/hedwig/server/proxy/ProxyStopDeliveryHandler.java","3","67","22","3","23","null","null","null","null","null","null"
"1","hedwig-server/src/main/java/org/apache/hedwig/server/proxy/ProxySubscribeHandler.java","2","75","25","3","26","null","null","null","null","null","null"
"1","hedwig-server/src/main/java/org/apache/hedwig/server/proxy/ProxyUnsubscribeHandler.java","1","67","67","1","67","null","null","null","null","null","null"
"1","hedwig-server/src/main/java/org/apache/hedwig/server/regions/HedwigHubClient.java","2","44","22","2","23","null","null","null","null","null","null"
"1","hedwig-server/src/main/java/org/apache/hedwig/server/regions/HedwigHubClientFactory.java","2","54","27","2","27","null","null","null","null","null","null"
"1","hedwig-server/src/main/java/org/apache/hedwig/server/regions/HedwigHubSubscriber.java","3","78","19","4","21","null","null","null","null","null","null"
"1","hedwig-server/src/main/java/org/apache/hedwig/server/regions/RegionManager.java","3","320","45","7","58","null","null","null","null","null","null"
"1","hedwig-server/src/main/java/org/apache/hedwig/server/ssl/SslServerContextFactory.java","1","48","48","1","48","null","null","null","null","null","null"
"1","hedwig-server/src/main/java/org/apache/hedwig/server/subscriptions/AbstractSubscriptionManager.java","3","551","68","8","74","null","null","null","null","null","null"
"1","hedwig-server/src/main/java/org/apache/hedwig/server/subscriptions/AllToAllTopologyFilter.java","1","36","36","1","36","null","null","null","null","null","null"
"1","hedwig-server/src/main/java/org/apache/hedwig/server/subscriptions/InMemorySubscriptionManager.java","2","71","35","2","37","null","null","null","null","null","null"
"1","hedwig-server/src/main/java/org/apache/hedwig/server/subscriptions/InMemorySubscriptionState.java","3","77","25","3","26","null","null","null","null","null","null"
"1","hedwig-server/src/main/java/org/apache/hedwig/server/subscriptions/MessageFilter.java","2","28","14","2","14","null","null","null","null","null","null"
"1","hedwig-server/src/main/java/org/apache/hedwig/server/subscriptions/SubscriptionEventListener.java","2","52","26","2","28","null","null","null","null","null","null"
"1","hedwig-server/src/main/java/org/apache/hedwig/server/subscriptions/SubscriptionManager.java","3","98","32","3","35","null","null","null","null","null","null"
"1","hedwig-server/src/main/java/org/apache/hedwig/server/subscriptions/TrueFilter.java","2","29","14","2","15","null","null","null","null","null","null"
"1","hedwig-server/src/main/java/org/apache/hedwig/server/subscriptions/ZkSubscriptionManager.java","2","205","68","3","84","null","null","null","null","null","null"
"1","hedwig-server/src/main/java/org/apache/hedwig/server/topics/AbstractTopicManager.java","3","181","36","5","38","null","null","null","null","null","null"
"1","hedwig-server/src/main/java/org/apache/hedwig/server/topics/TopicManager.java","3","72","24","3","26","null","null","null","null","null","null"
"1","hedwig-server/src/main/java/org/apache/hedwig/server/topics/TopicOwnershipChangeListener.java","1","26","26","1","26","null","null","null","null","null","null"
"1","hedwig-server/src/main/java/org/apache/hedwig/server/topics/TrivialOwnAllTopicManager.java","3","52","17","3","18","null","null","null","null","null","null"
"1","hedwig-server/src/main/java/org/apache/hedwig/server/topics/ZkTopicManager.java","3","402","80","5","94","null","null","null","null","null","null"
"1","hedwig-server/src/main/java/org/apache/hedwig/zookeeper/SafeAsynBKCallback.java","2","93","47","2","60","null","null","null","null","null","null"
"1","hedwig-server/src/main/java/org/apache/hedwig/zookeeper/SafeAsyncCallback.java","2","32","16","2","16","null","null","null","null","null","null"
"1","hedwig-server/src/main/java/org/apache/hedwig/zookeeper/SafeAsyncZKCallback.java","2","89","44","2","45","null","null","null","null","null","null"
"1","hedwig-server/src/main/java/org/apache/hedwig/zookeeper/ZkUtils.java","2","72","24","3","28","null","null","null","null","null","null"
"2","bookkeeper-benchmark/src/main/java/org/apache/bookkeeper/benchmark/BenchBookie.java","0","194","0","0","0","null","null","null","null","null","null"
"2","bookkeeper-benchmark/src/main/java/org/apache/bookkeeper/benchmark/BenchReadThroughputLatency.java","0","244","0","0","0","null","null","null","null","null","null"
"2","bookkeeper-benchmark/src/main/java/org/apache/bookkeeper/benchmark/BenchThroughputLatency.java","1","413","6","1","13","null","null","null","null","null","null"
"2","bookkeeper-benchmark/src/main/java/org/apache/bookkeeper/benchmark/MySqlClient.java","0","124","0","0","0","null","null","null","null","null","null"
"2","bookkeeper-server/src/main/java/org/apache/bookkeeper/bookie/Bookie.java","3","1118","25","17","34","null","null","null","null","null","null"
"2","bookkeeper-server/src/main/java/org/apache/bookkeeper/bookie/BookieBean.java","0","46","0","0","0","null","null","null","null","null","null"
"2","bookkeeper-server/src/main/java/org/apache/bookkeeper/bookie/BookieException.java","1","139","4","1","5","null","null","null","null","null","null"
"2","bookkeeper-server/src/main/java/org/apache/bookkeeper/bookie/BookieMXBean.java","0","28","0","0","0","null","null","null","null","null","null"
"2","bookkeeper-server/src/main/java/org/apache/bookkeeper/bookie/BookieShell.java","3","836","167","5","170","null","null","null","null","null","null"
"2","bookkeeper-server/src/main/java/org/apache/bookkeeper/bookie/BufferedChannel.java","0","162","0","0","0","null","null","null","null","null","null"
"2","bookkeeper-server/src/main/java/org/apache/bookkeeper/bookie/Cookie.java","2","234","19","3","30","null","null","null","null","null","null"
"2","bookkeeper-server/src/main/java/org/apache/bookkeeper/bookie/EntryLogger.java","3","496","11","6","18","null","null","null","null","null","null"
"2","bookkeeper-server/src/main/java/org/apache/bookkeeper/bookie/ExitCode.java","0","36","0","0","0","null","null","null","null","null","null"
"2","bookkeeper-server/src/main/java/org/apache/bookkeeper/bookie/FileInfo.java","1","325","32","3","33","null","null","null","null","null","null"
"2","bookkeeper-server/src/main/java/org/apache/bookkeeper/bookie/FileSystemUpgrade.java","2","350","4","2","8","null","null","null","null","null","null"
"2","bookkeeper-server/src/main/java/org/apache/bookkeeper/bookie/GarbageCollector.java","1","46","46","1","46","null","null","null","null","null","null"
"2","bookkeeper-server/src/main/java/org/apache/bookkeeper/bookie/GarbageCollectorThread.java","3","520","8","7","16","null","null","null","null","null","null"
"2","bookkeeper-server/src/main/java/org/apache/bookkeeper/bookie/HandleFactory.java","0","29","0","0","0","null","null","null","null","null","null"
"2","bookkeeper-server/src/main/java/org/apache/bookkeeper/bookie/HandleFactoryImpl.java","0","60","0","0","0","null","null","null","null","null","null"
"2","bookkeeper-server/src/main/java/org/apache/bookkeeper/bookie/InterleavedLedgerStorage.java","2","170","0","8","4","null","null","null","null","null","null"
"2","bookkeeper-server/src/main/java/org/apache/bookkeeper/bookie/Journal.java","3","524","0","6","4","null","null","null","null","null","null"
"2","bookkeeper-server/src/main/java/org/apache/bookkeeper/bookie/JournalChannel.java","1","143","0","1","2","null","null","null","null","null","null"
"2","bookkeeper-server/src/main/java/org/apache/bookkeeper/bookie/LedgerCache.java","1","45","4","1","4","null","null","null","null","null","null"
"2","bookkeeper-server/src/main/java/org/apache/bookkeeper/bookie/LedgerCacheBean.java","0","25","0","0","0","null","null","null","null","null","null"
"2","bookkeeper-server/src/main/java/org/apache/bookkeeper/bookie/LedgerCacheImpl.java","2","836","14","9","21","null","null","null","null","null","null"
"2","bookkeeper-server/src/main/java/org/apache/bookkeeper/bookie/LedgerCacheMXBean.java","0","54","0","0","0","null","null","null","null","null","null"
"2","bookkeeper-server/src/main/java/org/apache/bookkeeper/bookie/LedgerDescriptor.java","1","56","0","1","2","null","null","null","null","null","null"
"2","bookkeeper-server/src/main/java/org/apache/bookkeeper/bookie/LedgerDescriptorImpl.java","1","79","1","1","4","null","null","null","null","null","null"
"2","bookkeeper-server/src/main/java/org/apache/bookkeeper/bookie/LedgerDescriptorReadOnlyImpl.java","1","47","0","1","1","null","null","null","null","null","null"
"2","bookkeeper-server/src/main/java/org/apache/bookkeeper/bookie/LedgerDirsManager.java","2","242","80","3","81","null","null","null","null","null","null"
"2","bookkeeper-server/src/main/java/org/apache/bookkeeper/bookie/LedgerEntryPage.java","0","147","0","0","0","null","null","null","null","null","null"
"2","bookkeeper-server/src/main/java/org/apache/bookkeeper/bookie/LedgerStorage.java","1","99","17","1","18","null","null","null","null","null","null"
"2","bookkeeper-server/src/main/java/org/apache/bookkeeper/bookie/MarkerFileChannel.java","0","133","0","0","0","null","null","null","null","null","null"
"2","bookkeeper-server/src/main/java/org/apache/bookkeeper/bookie/ReadOnlyEntryLogger.java","1","53","26","2","27","null","null","null","null","null","null"
"2","bookkeeper-server/src/main/java/org/apache/bookkeeper/bookie/ReadOnlyFileInfo.java","1","40","40","1","40","null","null","null","null","null","null"
"2","bookkeeper-server/src/main/java/org/apache/bookkeeper/bookie/ScanAndCompareGarbageCollector.java","1","96","98","1","98","null","null","null","null","null","null"
"2","bookkeeper-server/src/main/java/org/apache/bookkeeper/client/AsyncCallback.java","0","126","0","0","0","null","null","null","null","null","null"
"2","bookkeeper-server/src/main/java/org/apache/bookkeeper/client/BKException.java","1","294","10","4","10","null","null","null","null","null","null"
"2","bookkeeper-server/src/main/java/org/apache/bookkeeper/client/BookieWatcher.java","2","283","29","3","37","null","null","null","null","null","null"
"2","bookkeeper-server/src/main/java/org/apache/bookkeeper/client/BookKeeper.java","3","584","5","10","11","null","null","null","null","null","null"
"2","bookkeeper-server/src/main/java/org/apache/bookkeeper/client/BookKeeperAdmin.java","3","701","2","13","22","null","null","null","null","null","null"
"2","bookkeeper-server/src/main/java/org/apache/bookkeeper/client/CRC32DigestManager.java","0","50","0","0","0","null","null","null","null","null","null"
"2","bookkeeper-server/src/main/java/org/apache/bookkeeper/client/DigestManager.java","1","172","7","1","7","null","null","null","null","null","null"
"2","bookkeeper-server/src/main/java/org/apache/bookkeeper/client/DistributionSchedule.java","1","81","11","2","17","null","null","null","null","null","null"
"2","bookkeeper-server/src/main/java/org/apache/bookkeeper/client/LedgerChecker.java","1","246","61","4","64","null","null","null","null","null","null"
"2","bookkeeper-server/src/main/java/org/apache/bookkeeper/client/LedgerCreateOp.java","2","124","3","4","4","null","null","null","null","null","null"
"2","bookkeeper-server/src/main/java/org/apache/bookkeeper/client/LedgerDeleteOp.java","2","72","1","3","4","null","null","null","null","null","null"
"2","bookkeeper-server/src/main/java/org/apache/bookkeeper/client/LedgerEntry.java","1","74","2","1","0","null","null","null","null","null","null"
"2","bookkeeper-server/src/main/java/org/apache/bookkeeper/client/LedgerFragment.java","2","133","26","5","30","null","null","null","null","null","null"
"2","bookkeeper-server/src/main/java/org/apache/bookkeeper/client/LedgerFragmentReplicator.java","1","380","95","4","116","null","null","null","null","null","null"
"2","bookkeeper-server/src/main/java/org/apache/bookkeeper/client/LedgerHandle.java","3","881","5","12","24","null","null","null","null","null","null"
"2","bookkeeper-server/src/main/java/org/apache/bookkeeper/client/LedgerMetadata.java","3","421","15","9","27","null","null","null","null","null","null"
"2","bookkeeper-server/src/main/java/org/apache/bookkeeper/client/LedgerOpenOp.java","2","171","5","3","17","null","null","null","null","null","null"
"2","bookkeeper-server/src/main/java/org/apache/bookkeeper/client/LedgerRecoveryOp.java","2","138","0","2","1","null","null","null","null","null","null"
"2","bookkeeper-server/src/main/java/org/apache/bookkeeper/client/MacDigestManager.java","0","76","0","0","0","null","null","null","null","null","null"
"2","bookkeeper-server/src/main/java/org/apache/bookkeeper/client/PendingAddOp.java","3","164","2","5","11","null","null","null","null","null","null"
"2","bookkeeper-server/src/main/java/org/apache/bookkeeper/client/PendingReadOp.java","3","323","12","12","33","null","null","null","null","null","null"
"2","bookkeeper-server/src/main/java/org/apache/bookkeeper/client/ReadLastConfirmedOp.java","2","114","1","3","3","null","null","null","null","null","null"
"2","bookkeeper-server/src/main/java/org/apache/bookkeeper/client/ReadOnlyLedgerHandle.java","1","96","12","2","14","null","null","null","null","null","null"
"2","bookkeeper-server/src/main/java/org/apache/bookkeeper/client/RoundRobinDistributionSchedule.java","1","99","8","2","16","null","null","null","null","null","null"
"2","bookkeeper-server/src/main/java/org/apache/bookkeeper/client/SyncCounter.java","0","77","0","0","0","null","null","null","null","null","null"
"2","bookkeeper-server/src/main/java/org/apache/bookkeeper/conf/AbstractConfiguration.java","2","213","22","5","23","null","null","null","null","null","null"
"2","bookkeeper-server/src/main/java/org/apache/bookkeeper/conf/ClientConfiguration.java","1","283","8","4","17","null","null","null","null","null","null"
"2","bookkeeper-server/src/main/java/org/apache/bookkeeper/conf/ServerConfiguration.java","3","603","21","6","23","null","null","null","null","null","null"
"2","bookkeeper-server/src/main/java/org/apache/bookkeeper/jmx/BKMBeanInfo.java","0","25","0","0","0","null","null","null","null","null","null"
"2","bookkeeper-server/src/main/java/org/apache/bookkeeper/jmx/BKMBeanRegistry.java","1","81","1","1","3","null","null","null","null","null","null"
"2","bookkeeper-server/src/main/java/org/apache/bookkeeper/meta/AbstractZkLedgerManager.java","3","271","2","7","26","null","null","null","null","null","null"
"2","bookkeeper-server/src/main/java/org/apache/bookkeeper/meta/FlatLedgerManager.java","3","138","4","5","9","null","null","null","null","null","null"
"2","bookkeeper-server/src/main/java/org/apache/bookkeeper/meta/FlatLedgerManagerFactory.java","2","83","21","4","22","null","null","null","null","null","null"
"2","bookkeeper-server/src/main/java/org/apache/bookkeeper/meta/HierarchicalLedgerManager.java","3","420","8","5","23","null","null","null","null","null","null"
"2","bookkeeper-server/src/main/java/org/apache/bookkeeper/meta/HierarchicalLedgerManagerFactory.java","2","84","21","4","22","null","null","null","null","null","null"
"2","bookkeeper-server/src/main/java/org/apache/bookkeeper/meta/LedgerLayout.java","3","220","6","5","14","null","null","null","null","null","null"
"2","bookkeeper-server/src/main/java/org/apache/bookkeeper/meta/LedgerManager.java","2","173","20","2","57","null","null","null","null","null","null"
"2","bookkeeper-server/src/main/java/org/apache/bookkeeper/meta/LedgerManagerFactory.java","2","225","34","4","52","null","null","null","null","null","null"
"2","bookkeeper-server/src/main/java/org/apache/bookkeeper/meta/LedgerUnderreplicationManager.java","1","99","33","3","33","null","null","null","null","null","null"
"2","bookkeeper-server/src/main/java/org/apache/bookkeeper/meta/MSLedgerManagerFactory.java","2","541","270","2","338","null","null","null","null","null","null"
"2","bookkeeper-server/src/main/java/org/apache/bookkeeper/meta/ZkLedgerUnderreplicationManager.java","3","509","39","13","43","null","null","null","null","null","null"
"2","bookkeeper-server/src/main/java/org/apache/bookkeeper/meta/ZkVersion.java","1","63","31","2","33","null","null","null","null","null","null"
"2","bookkeeper-server/src/main/java/org/apache/bookkeeper/metastore/InMemoryMetaStore.java","1","70","3","1","9","null","null","null","null","null","null"
"2","bookkeeper-server/src/main/java/org/apache/bookkeeper/metastore/InMemoryMetastoreCursor.java","1","85","4","1","4","null","null","null","null","null","null"
"2","bookkeeper-server/src/main/java/org/apache/bookkeeper/metastore/InMemoryMetastoreTable.java","1","304","3","1","24","null","null","null","null","null","null"
"2","bookkeeper-server/src/main/java/org/apache/bookkeeper/metastore/MetaStore.java","1","72","72","1","72","null","null","null","null","null","null"
"2","bookkeeper-server/src/main/java/org/apache/bookkeeper/metastore/MetastoreCallback.java","1","23","23","1","23","null","null","null","null","null","null"
"2","bookkeeper-server/src/main/java/org/apache/bookkeeper/metastore/MetastoreCursor.java","1","76","76","1","76","null","null","null","null","null","null"
"2","bookkeeper-server/src/main/java/org/apache/bookkeeper/metastore/MetastoreException.java","1","31","31","1","31","null","null","null","null","null","null"
"2","bookkeeper-server/src/main/java/org/apache/bookkeeper/metastore/MetastoreFactory.java","1","30","30","1","30","null","null","null","null","null","null"
"2","bookkeeper-server/src/main/java/org/apache/bookkeeper/metastore/MetastoreScannableTable.java","1","94","94","1","94","null","null","null","null","null","null"
"2","bookkeeper-server/src/main/java/org/apache/bookkeeper/metastore/MetastoreTable.java","1","155","155","1","155","null","null","null","null","null","null"
"2","bookkeeper-server/src/main/java/org/apache/bookkeeper/metastore/MetastoreTableItem.java","1","63","63","1","63","null","null","null","null","null","null"
"2","bookkeeper-server/src/main/java/org/apache/bookkeeper/metastore/MetastoreUtils.java","1","126","126","1","126","null","null","null","null","null","null"
"2","bookkeeper-server/src/main/java/org/apache/bookkeeper/metastore/MSException.java","1","193","193","1","193","null","null","null","null","null","null"
"2","bookkeeper-server/src/main/java/org/apache/bookkeeper/metastore/Value.java","1","139","139","1","139","null","null","null","null","null","null"
"2","bookkeeper-server/src/main/java/org/apache/bookkeeper/proto/BKStats.java","1","224","11","1","12","null","null","null","null","null","null"
"2","bookkeeper-server/src/main/java/org/apache/bookkeeper/proto/BookieClient.java","1","248","21","2","28","null","null","null","null","null","null"
"2","bookkeeper-server/src/main/java/org/apache/bookkeeper/proto/BookieProtocol.java","1","159","4","1","4","null","null","null","null","null","null"
"2","bookkeeper-server/src/main/java/org/apache/bookkeeper/proto/BookieServer.java","3","532","10","10","13","null","null","null","null","null","null"
"2","bookkeeper-server/src/main/java/org/apache/bookkeeper/proto/BookieServerBean.java","1","82","1","1","3","null","null","null","null","null","null"
"2","bookkeeper-server/src/main/java/org/apache/bookkeeper/proto/BookieServerMXBean.java","0","53","0","0","0","null","null","null","null","null","null"
"2","bookkeeper-server/src/main/java/org/apache/bookkeeper/proto/BookkeeperInternalCallbacks.java","1","119","0","1","1","null","null","null","null","null","null"
"2","bookkeeper-server/src/main/java/org/apache/bookkeeper/proto/DataFormats.java","2","3680","525","7","529","null","null","null","null","null","null"
"2","bookkeeper-server/src/main/java/org/apache/bookkeeper/proto/NIOServerFactory.java","2","503","13","2","15","null","null","null","null","null","null"
"2","bookkeeper-server/src/main/java/org/apache/bookkeeper/proto/PerChannelBookieClient.java","3","655","4","7","11","null","null","null","null","null","null"
"2","bookkeeper-server/src/main/java/org/apache/bookkeeper/proto/ServerStats.java","1","135","2","1","4","null","null","null","null","null","null"
"2","bookkeeper-server/src/main/java/org/apache/bookkeeper/replication/Auditor.java","1","453","113","4","130","null","null","null","null","null","null"
"2","bookkeeper-server/src/main/java/org/apache/bookkeeper/replication/AuditorElector.java","2","293","49","6","62","null","null","null","null","null","null"
"2","bookkeeper-server/src/main/java/org/apache/bookkeeper/replication/AutoRecoveryMain.java","2","239","41","6","44","null","null","null","null","null","null"
"2","bookkeeper-server/src/main/java/org/apache/bookkeeper/replication/BookieLedgerIndexer.java","2","123","41","3","43","null","null","null","null","null","null"
"2","bookkeeper-server/src/main/java/org/apache/bookkeeper/replication/ReplicationEnableCb.java","1","51","51","1","51","null","null","null","null","null","null"
"2","bookkeeper-server/src/main/java/org/apache/bookkeeper/replication/ReplicationException.java","2","67","22","3","24","null","null","null","null","null","null"
"2","bookkeeper-server/src/main/java/org/apache/bookkeeper/replication/ReplicationWorker.java","1","322","40","8","52","null","null","null","null","null","null"
"2","bookkeeper-server/src/main/java/org/apache/bookkeeper/streaming/LedgerInputStream.java","0","157","0","0","0","null","null","null","null","null","null"
"2","bookkeeper-server/src/main/java/org/apache/bookkeeper/streaming/LedgerOutputStream.java","0","134","0","0","0","null","null","null","null","null","null"
"2","bookkeeper-server/src/main/java/org/apache/bookkeeper/tools/BookKeeperTools.java","0","83","0","0","0","null","null","null","null","null","null"
"2","bookkeeper-server/src/main/java/org/apache/bookkeeper/util/BookKeeperConstants.java","1","41","20","2","21","null","null","null","null","null","null"
"2","bookkeeper-server/src/main/java/org/apache/bookkeeper/util/DiskChecker.java","2","152","76","2","77","null","null","null","null","null","null"
"2","bookkeeper-server/src/main/java/org/apache/bookkeeper/util/EntryFormatter.java","1","70","70","1","70","null","null","null","null","null","null"
"2","bookkeeper-server/src/main/java/org/apache/bookkeeper/util/HardLink.java","0","598","0","0","0","null","null","null","null","null","null"
"2","bookkeeper-server/src/main/java/org/apache/bookkeeper/util/IOUtils.java","1","80","30","1","30","null","null","null","null","null","null"
"2","bookkeeper-server/src/main/java/org/apache/bookkeeper/util/LocalBookKeeper.java","3","230","1","3","4","null","null","null","null","null","null"
"2","bookkeeper-server/src/main/java/org/apache/bookkeeper/util/Main.java","0","49","0","0","0","null","null","null","null","null","null"
"2","bookkeeper-server/src/main/java/org/apache/bookkeeper/util/MathUtils.java","1","44","9","1","14","null","null","null","null","null","null"
"2","bookkeeper-server/src/main/java/org/apache/bookkeeper/util/OrderedSafeExecutor.java","2","126","19","2","19","null","null","null","null","null","null"
"2","bookkeeper-server/src/main/java/org/apache/bookkeeper/util/ReflectionUtils.java","1","137","69","2","69","null","null","null","null","null","null"
"2","bookkeeper-server/src/main/java/org/apache/bookkeeper/util/SafeRunnable.java","0","36","0","0","0","null","null","null","null","null","null"
"2","bookkeeper-server/src/main/java/org/apache/bookkeeper/util/SnapshotMap.java","1","118","1","1","2","null","null","null","null","null","null"
"2","bookkeeper-server/src/main/java/org/apache/bookkeeper/util/StringEntryFormatter.java","1","43","43","1","43","null","null","null","null","null","null"
"2","bookkeeper-server/src/main/java/org/apache/bookkeeper/util/StringUtils.java","2","117","27","2","29","null","null","null","null","null","null"
"2","bookkeeper-server/src/main/java/org/apache/bookkeeper/util/Tool.java","1","39","39","1","39","null","null","null","null","null","null"
"2","bookkeeper-server/src/main/java/org/apache/bookkeeper/util/ZkUtils.java","2","219","34","4","41","null","null","null","null","null","null"
"2","bookkeeper-server/src/main/java/org/apache/bookkeeper/versioning/Version.java","1","56","8","2","17","null","null","null","null","null","null"
"2","bookkeeper-server/src/main/java/org/apache/bookkeeper/versioning/Versioned.java","1","41","41","1","41","null","null","null","null","null","null"
"2","bookkeeper-server/src/main/java/org/apache/bookkeeper/zookeeper/ZooKeeperWatcherBase.java","1","85","85","1","85","null","null","null","null","null","null"
"2","hedwig-client/src/main/java/org/apache/hedwig/client/api/Client.java","0","38","0","0","0","null","null","null","null","null","null"
"2","hedwig-client/src/main/java/org/apache/hedwig/client/api/MessageHandler.java","0","44","0","0","0","null","null","null","null","null","null"
"2","hedwig-client/src/main/java/org/apache/hedwig/client/api/Publisher.java","1","81","12","2","13","null","null","null","null","null","null"
"2","hedwig-client/src/main/java/org/apache/hedwig/client/api/Subscriber.java","2","342","19","3","19","null","null","null","null","null","null"
"2","hedwig-client/src/main/java/org/apache/hedwig/client/benchmark/BenchmarkPublisher.java","1","125","2","1","4","null","null","null","null","null","null"
"2","hedwig-client/src/main/java/org/apache/hedwig/client/benchmark/BenchmarkSubscriber.java","1","128","0","2","2","null","null","null","null","null","null"
"2","hedwig-client/src/main/java/org/apache/hedwig/client/benchmark/BenchmarkUtils.java","1","172","1","1","5","null","null","null","null","null","null"
"2","hedwig-client/src/main/java/org/apache/hedwig/client/benchmark/BenchmarkWorker.java","0","42","0","0","0","null","null","null","null","null","null"
"2","hedwig-client/src/main/java/org/apache/hedwig/client/benchmark/HedwigBenchmark.java","0","149","0","0","0","null","null","null","null","null","null"
"2","hedwig-client/src/main/java/org/apache/hedwig/client/conf/ClientConfiguration.java","1","154","4","2","6","null","null","null","null","null","null"
"2","hedwig-client/src/main/java/org/apache/hedwig/client/data/MessageConsumeData.java","1","51","2","1","9","null","null","null","null","null","null"
"2","hedwig-client/src/main/java/org/apache/hedwig/client/data/PubSubData.java","2","162","9","3","10","null","null","null","null","null","null"
"2","hedwig-client/src/main/java/org/apache/hedwig/client/data/TopicSubscriber.java","0","67","0","0","0","null","null","null","null","null","null"
"2","hedwig-client/src/main/java/org/apache/hedwig/client/exceptions/AlreadyStartDeliveryException.java","0","33","0","0","0","null","null","null","null","null","null"
"2","hedwig-client/src/main/java/org/apache/hedwig/client/exceptions/InvalidSubscriberIdException.java","0","34","0","0","0","null","null","null","null","null","null"
"2","hedwig-client/src/main/java/org/apache/hedwig/client/exceptions/NoResponseHandlerException.java","1","31","31","1","31","null","null","null","null","null","null"
"2","hedwig-client/src/main/java/org/apache/hedwig/client/exceptions/ResubscribeException.java","1","31","31","1","31","null","null","null","null","null","null"
"2","hedwig-client/src/main/java/org/apache/hedwig/client/exceptions/ServerRedirectLoopException.java","0","35","0","0","0","null","null","null","null","null","null"
"2","hedwig-client/src/main/java/org/apache/hedwig/client/exceptions/TooManyServerRedirectsException.java","0","36","0","0","0","null","null","null","null","null","null"
"2","hedwig-client/src/main/java/org/apache/hedwig/client/handlers/AbstractResponseHandler.java","1","141","141","1","141","null","null","null","null","null","null"
"2","hedwig-client/src/main/java/org/apache/hedwig/client/handlers/CloseSubscriptionResponseHandler.java","1","76","76","1","76","null","null","null","null","null","null"
"2","hedwig-client/src/main/java/org/apache/hedwig/client/handlers/MessageConsumeCallback.java","2","106","6","3","22","null","null","null","null","null","null"
"2","hedwig-client/src/main/java/org/apache/hedwig/client/handlers/PublishResponseHandler.java","2","64","0","2","8","null","null","null","null","null","null"
"2","hedwig-client/src/main/java/org/apache/hedwig/client/handlers/PubSubCallback.java","1","85","2","2","6","null","null","null","null","null","null"
"2","hedwig-client/src/main/java/org/apache/hedwig/client/handlers/SubscribeResponseHandler.java","2","165","21","7","21","null","null","null","null","null","null"
"2","hedwig-client/src/main/java/org/apache/hedwig/client/handlers/UnsubscribeResponseHandler.java","2","77","0","2","12","null","null","null","null","null","null"
"2","hedwig-client/src/main/java/org/apache/hedwig/client/HedwigClient.java","0","65","0","0","0","null","null","null","null","null","null"
"2","hedwig-client/src/main/java/org/apache/hedwig/client/netty/CleanupChannelMap.java","1","165","83","2","83","null","null","null","null","null","null"
"2","hedwig-client/src/main/java/org/apache/hedwig/client/netty/FilterableMessageHandler.java","1","63","31","2","32","null","null","null","null","null","null"
"2","hedwig-client/src/main/java/org/apache/hedwig/client/netty/HChannel.java","1","49","49","1","49","null","null","null","null","null","null"
"2","hedwig-client/src/main/java/org/apache/hedwig/client/netty/HChannelManager.java","1","144","144","1","144","null","null","null","null","null","null"
"2","hedwig-client/src/main/java/org/apache/hedwig/client/netty/HedwigClientImpl.java","2","113","24","9","10","null","null","null","null","null","null"
"2","hedwig-client/src/main/java/org/apache/hedwig/client/netty/HedwigPublisher.java","2","136","14","6","18","null","null","null","null","null","null"
"2","hedwig-client/src/main/java/org/apache/hedwig/client/netty/HedwigSubscriber.java","2","379","27","9","27","null","null","null","null","null","null"
"2","hedwig-client/src/main/java/org/apache/hedwig/client/netty/impl/AbstractHChannelManager.java","1","562","281","2","281","null","null","null","null","null","null"
"2","hedwig-client/src/main/java/org/apache/hedwig/client/netty/impl/AbstractSubscribeResponseHandler.java","1","340","113","3","121","null","null","null","null","null","null"
"2","hedwig-client/src/main/java/org/apache/hedwig/client/netty/impl/ActiveSubscriber.java","1","345","173","2","173","null","null","null","null","null","null"
"2","hedwig-client/src/main/java/org/apache/hedwig/client/netty/impl/ClientChannelPipelineFactory.java","1","65","13","1","22","null","null","null","null","null","null"
"2","hedwig-client/src/main/java/org/apache/hedwig/client/netty/impl/DefaultServerChannel.java","1","83","83","1","83","null","null","null","null","null","null"
"2","hedwig-client/src/main/java/org/apache/hedwig/client/netty/impl/HChannelHandler.java","1","256","128","2","128","null","null","null","null","null","null"
"2","hedwig-client/src/main/java/org/apache/hedwig/client/netty/impl/HChannelImpl.java","1","334","334","1","334","null","null","null","null","null","null"
"2","hedwig-client/src/main/java/org/apache/hedwig/client/netty/impl/multiplex/MultiplexHChannelManager.java","1","288","96","3","96","null","null","null","null","null","null"
"2","hedwig-client/src/main/java/org/apache/hedwig/client/netty/impl/multiplex/MultiplexSubscribeResponseHandler.java","1","117","39","3","196","null","null","null","null","null","null"
"2","hedwig-client/src/main/java/org/apache/hedwig/client/netty/impl/multiplex/MultiplexSubscriptionChannelPipelineFactory.java","1","45","45","1","45","null","null","null","null","null","null"
"2","hedwig-client/src/main/java/org/apache/hedwig/client/netty/impl/NonSubscriptionChannelPipelineFactory.java","1","43","43","1","43","null","null","null","null","null","null"
"2","hedwig-client/src/main/java/org/apache/hedwig/client/netty/impl/ResubscribeCallback.java","1","98","5","2","6","null","null","null","null","null","null"
"2","hedwig-client/src/main/java/org/apache/hedwig/client/netty/impl/simple/SimpleHChannelManager.java","1","323","80","4","82","null","null","null","null","null","null"
"2","hedwig-client/src/main/java/org/apache/hedwig/client/netty/impl/simple/SimpleSubscribeResponseHandler.java","1","250","50","5","135","null","null","null","null","null","null"
"2","hedwig-client/src/main/java/org/apache/hedwig/client/netty/impl/simple/SimpleSubscriptionChannelPipelineFactory.java","1","45","22","2","22","null","null","null","null","null","null"
"2","hedwig-client/src/main/java/org/apache/hedwig/client/netty/impl/WriteCallback.java","1","100","4","1","16","null","null","null","null","null","null"
"2","hedwig-client/src/main/java/org/apache/hedwig/client/netty/NetUtils.java","2","198","49","4","50","null","null","null","null","null","null"
"2","hedwig-client/src/main/java/org/apache/hedwig/client/netty/SubscriptionEventEmitter.java","1","45","45","1","45","null","null","null","null","null","null"
"2","hedwig-client/src/main/java/org/apache/hedwig/client/netty/VoidCallbackAdapter.java","2","38","19","2","19","null","null","null","null","null","null"
"2","hedwig-client/src/main/java/org/apache/hedwig/client/ssl/SslClientContextFactory.java","0","37","0","0","0","null","null","null","null","null","null"
"2","hedwig-client/src/main/java/org/apache/hedwig/client/ssl/SslContextFactory.java","0","60","0","0","0","null","null","null","null","null","null"
"2","hedwig-client/src/main/java/org/apache/hedwig/conf/AbstractConfiguration.java","0","57","0","0","0","null","null","null","null","null","null"
"2","hedwig-client/src/main/java/org/apache/hedwig/filter/ClientMessageFilter.java","1","22","22","1","22","null","null","null","null","null","null"
"2","hedwig-client/src/main/java/org/apache/hedwig/filter/MessageFilterBase.java","1","45","18","1","3","null","null","null","null","null","null"
"2","hedwig-client/src/main/java/org/apache/hedwig/filter/PipelineFilter.java","1","65","32","2","37","null","null","null","null","null","null"
"2","hedwig-client/src/main/java/org/apache/hedwig/filter/ServerMessageFilter.java","1","43","43","1","43","null","null","null","null","null","null"
"2","hedwig-client/src/main/java/org/apache/hedwig/util/Callback.java","0","43","0","0","0","null","null","null","null","null","null"
"2","hedwig-client/src/main/java/org/apache/hedwig/util/CallbackUtils.java","0","165","0","0","0","null","null","null","null","null","null"
"2","hedwig-client/src/main/java/org/apache/hedwig/util/ConcurrencyUtils.java","0","45","0","0","0","null","null","null","null","null","null"
"2","hedwig-client/src/main/java/org/apache/hedwig/util/Either.java","0","45","0","0","0","null","null","null","null","null","null"
"2","hedwig-client/src/main/java/org/apache/hedwig/util/FileUtils.java","0","89","0","0","0","null","null","null","null","null","null"
"2","hedwig-client/src/main/java/org/apache/hedwig/util/HedwigSocketAddress.java","0","129","0","0","0","null","null","null","null","null","null"
"2","hedwig-client/src/main/java/org/apache/hedwig/util/Option.java","0","39","0","0","0","null","null","null","null","null","null"
"2","hedwig-client/src/main/java/org/apache/hedwig/util/Pair.java","0","38","0","0","0","null","null","null","null","null","null"
"2","hedwig-client/src/main/java/org/apache/hedwig/util/PathUtils.java","0","51","0","0","0","null","null","null","null","null","null"
"2","hedwig-client/src/main/java/org/apache/hedwig/util/SubscriptionListener.java","1","40","40","1","40","null","null","null","null","null","null"
"2","hedwig-client/src/main/java/org/apache/hedwig/util/VarArgs.java","1","24","24","1","24","null","null","null","null","null","null"
"2","hedwig-protocol/src/main/java/org/apache/hedwig/exceptions/PubSubException.java","2","229","14","6","16","null","null","null","null","null","null"
"2","hedwig-protocol/src/main/java/org/apache/hedwig/protocol/PubSubProtocol.java","2","15195","666","14","938","null","null","null","null","null","null"
"2","hedwig-protocol/src/main/java/org/apache/hedwig/protoextensions/MapUtils.java","1","67","67","1","67","null","null","null","null","null","null"
"2","hedwig-protocol/src/main/java/org/apache/hedwig/protoextensions/MessageIdUtils.java","0","138","0","0","0","null","null","null","null","null","null"
"2","hedwig-protocol/src/main/java/org/apache/hedwig/protoextensions/PubSubResponseUtils.java","2","62","8","3","8","null","null","null","null","null","null"
"2","hedwig-protocol/src/main/java/org/apache/hedwig/protoextensions/SubscriptionStateUtils.java","1","90","54","1","54","null","null","null","null","null","null"
"2","hedwig-server/src/main/java/org/apache/hedwig/admin/console/HedwigCommands.java","1","394","11","1","11","null","null","null","null","null","null"
"2","hedwig-server/src/main/java/org/apache/hedwig/admin/console/HedwigConsole.java","2","930","1","7","20","null","null","null","null","null","null"
"2","hedwig-server/src/main/java/org/apache/hedwig/admin/console/JLineHedwigCompletor.java","1","91","8","1","10","null","null","null","null","null","null"
"2","hedwig-server/src/main/java/org/apache/hedwig/admin/console/ReadTopic.java","1","298","11","2","11","null","null","null","null","null","null"
"2","hedwig-server/src/main/java/org/apache/hedwig/admin/HedwigAdmin.java","2","495","22","6","50","null","null","null","null","null","null"
"2","hedwig-server/src/main/java/org/apache/hedwig/data/MessageFormatter.java","1","111","111","1","111","null","null","null","null","null","null"
"2","hedwig-server/src/main/java/org/apache/hedwig/server/benchmark/AbstractBenchmark.java","1","96","1","1","4","null","null","null","null","null","null"
"2","hedwig-server/src/main/java/org/apache/hedwig/server/benchmark/BookieBenchmark.java","1","96","1","1","2","null","null","null","null","null","null"
"2","hedwig-server/src/main/java/org/apache/hedwig/server/benchmark/BookkeeperBenchmark.java","1","84","1","1","2","null","null","null","null","null","null"
"2","hedwig-server/src/main/java/org/apache/hedwig/server/benchmark/FakeBookie.java","0","91","0","0","0","null","null","null","null","null","null"
"2","hedwig-server/src/main/java/org/apache/hedwig/server/common/ByteStringInterner.java","1","35","7","1","2","null","null","null","null","null","null"
"2","hedwig-server/src/main/java/org/apache/hedwig/server/common/ServerConfiguration.java","3","526","21","12","24","null","null","null","null","null","null"
"2","hedwig-server/src/main/java/org/apache/hedwig/server/common/TerminateJVMExceptionHandler.java","0","29","0","0","0","null","null","null","null","null","null"
"2","hedwig-server/src/main/java/org/apache/hedwig/server/common/TopicOpQueuer.java","0","100","0","0","0","null","null","null","null","null","null"
"2","hedwig-server/src/main/java/org/apache/hedwig/server/common/UnexpectedError.java","0","32","0","0","0","null","null","null","null","null","null"
"2","hedwig-server/src/main/java/org/apache/hedwig/server/delivery/ChannelEndPoint.java","1","81","5","1","5","null","null","null","null","null","null"
"2","hedwig-server/src/main/java/org/apache/hedwig/server/delivery/DeliveryCallback.java","0","25","0","0","0","null","null","null","null","null","null"
"2","hedwig-server/src/main/java/org/apache/hedwig/server/delivery/DeliveryEndPoint.java","0","26","0","0","0","null","null","null","null","null","null"
"2","hedwig-server/src/main/java/org/apache/hedwig/server/delivery/DeliveryManager.java","1","83","10","5","12","null","null","null","null","null","null"
"2","hedwig-server/src/main/java/org/apache/hedwig/server/delivery/FIFODeliveryManager.java","3","797","20","14","31","null","null","null","null","null","null"
"2","hedwig-server/src/main/java/org/apache/hedwig/server/handlers/BaseHandler.java","0","61","0","0","0","null","null","null","null","null","null"
"2","hedwig-server/src/main/java/org/apache/hedwig/server/handlers/ChannelDisconnectListener.java","0","27","0","0","0","null","null","null","null","null","null"
"2","hedwig-server/src/main/java/org/apache/hedwig/server/handlers/CloseSubscriptionHandler.java","1","95","95","1","95","null","null","null","null","null","null"
"2","hedwig-server/src/main/java/org/apache/hedwig/server/handlers/ConsumeHandler.java","0","65","0","0","0","null","null","null","null","null","null"
"2","hedwig-server/src/main/java/org/apache/hedwig/server/handlers/Handler.java","0","34","0","0","0","null","null","null","null","null","null"
"2","hedwig-server/src/main/java/org/apache/hedwig/server/handlers/NettyHandlerBean.java","1","43","4","1","5","null","null","null","null","null","null"
"2","hedwig-server/src/main/java/org/apache/hedwig/server/handlers/NettyHandlerMXBean.java","0","28","0","0","0","null","null","null","null","null","null"
"2","hedwig-server/src/main/java/org/apache/hedwig/server/handlers/PublishHandler.java","1","81","6","2","8","null","null","null","null","null","null"
"2","hedwig-server/src/main/java/org/apache/hedwig/server/handlers/SubscribeHandler.java","2","201","6","8","21","null","null","null","null","null","null"
"2","hedwig-server/src/main/java/org/apache/hedwig/server/handlers/SubscriptionChannelManager.java","2","193","64","3","70","null","null","null","null","null","null"
"2","hedwig-server/src/main/java/org/apache/hedwig/server/handlers/UnsubscribeHandler.java","2","97","12","2","15","null","null","null","null","null","null"
"2","hedwig-server/src/main/java/org/apache/hedwig/server/jmx/HedwigJMXService.java","0","34","0","0","0","null","null","null","null","null","null"
"2","hedwig-server/src/main/java/org/apache/hedwig/server/jmx/HedwigMBeanInfo.java","0","25","0","0","0","null","null","null","null","null","null"
"2","hedwig-server/src/main/java/org/apache/hedwig/server/jmx/HedwigMBeanRegistry.java","0","44","0","0","0","null","null","null","null","null","null"
"2","hedwig-server/src/main/java/org/apache/hedwig/server/meta/FactoryLayout.java","1","150","75","2","75","null","null","null","null","null","null"
"2","hedwig-server/src/main/java/org/apache/hedwig/server/meta/MetadataManagerFactory.java","1","192","48","4","54","null","null","null","null","null","null"
"2","hedwig-server/src/main/java/org/apache/hedwig/server/meta/MsMetadataManagerFactory.java","1","780","780","1","780","null","null","null","null","null","null"
"2","hedwig-server/src/main/java/org/apache/hedwig/server/meta/SubscriptionDataManager.java","1","144","48","3","57","null","null","null","null","null","null"
"2","hedwig-server/src/main/java/org/apache/hedwig/server/meta/TopicOwnershipManager.java","1","90","45","2","47","null","null","null","null","null","null"
"2","hedwig-server/src/main/java/org/apache/hedwig/server/meta/TopicPersistenceManager.java","1","87","43","2","45","null","null","null","null","null","null"
"2","hedwig-server/src/main/java/org/apache/hedwig/server/meta/ZkMetadataManagerFactory.java","1","757","108","7","115","null","null","null","null","null","null"
"2","hedwig-server/src/main/java/org/apache/hedwig/server/netty/PubSubServer.java","3","473","9","9","13","null","null","null","null","null","null"
"2","hedwig-server/src/main/java/org/apache/hedwig/server/netty/PubSubServerBean.java","1","75","6","1","7","null","null","null","null","null","null"
"2","hedwig-server/src/main/java/org/apache/hedwig/server/netty/PubSubServerMXBean.java","0","57","0","0","0","null","null","null","null","null","null"
"2","hedwig-server/src/main/java/org/apache/hedwig/server/netty/PubSubServerPipelineFactory.java","0","69","0","0","0","null","null","null","null","null","null"
"2","hedwig-server/src/main/java/org/apache/hedwig/server/netty/ServerStats.java","1","182","10","1","10","null","null","null","null","null","null"
"2","hedwig-server/src/main/java/org/apache/hedwig/server/netty/UmbrellaHandler.java","2","140","3","2","5","null","null","null","null","null","null"
"2","hedwig-server/src/main/java/org/apache/hedwig/server/persistence/BookkeeperPersistenceManager.java","3","1136","29","11","56","null","null","null","null","null","null"
"2","hedwig-server/src/main/java/org/apache/hedwig/server/persistence/CacheKey.java","0","67","0","0","0","null","null","null","null","null","null"
"2","hedwig-server/src/main/java/org/apache/hedwig/server/persistence/CacheValue.java","2","91","3","2","9","null","null","null","null","null","null"
"2","hedwig-server/src/main/java/org/apache/hedwig/server/persistence/CancelScanRequest.java","1","25","25","1","25","null","null","null","null","null","null"
"2","hedwig-server/src/main/java/org/apache/hedwig/server/persistence/Factory.java","0","20","0","0","0","null","null","null","null","null","null"
"2","hedwig-server/src/main/java/org/apache/hedwig/server/persistence/LocalDBPersistenceManager.java","2","441","2","3","3","null","null","null","null","null","null"
"2","hedwig-server/src/main/java/org/apache/hedwig/server/persistence/MapMethods.java","0","56","0","0","0","null","null","null","null","null","null"
"2","hedwig-server/src/main/java/org/apache/hedwig/server/persistence/PersistenceManager.java","1","90","5","1","5","null","null","null","null","null","null"
"2","hedwig-server/src/main/java/org/apache/hedwig/server/persistence/PersistenceManagerWithRangeScan.java","0","25","0","0","0","null","null","null","null","null","null"
"2","hedwig-server/src/main/java/org/apache/hedwig/server/persistence/PersistRequest.java","1","54","1","1","4","null","null","null","null","null","null"
"2","hedwig-server/src/main/java/org/apache/hedwig/server/persistence/RangeScanRequest.java","0","70","0","0","0","null","null","null","null","null","null"
"2","hedwig-server/src/main/java/org/apache/hedwig/server/persistence/ReadAheadCache.java","2","762","13","7","38","null","null","null","null","null","null"
"2","hedwig-server/src/main/java/org/apache/hedwig/server/persistence/ReadAheadCacheBean.java","1","58","0","2","1","null","null","null","null","null","null"
"2","hedwig-server/src/main/java/org/apache/hedwig/server/persistence/ReadAheadCacheMXBean.java","0","41","0","0","0","null","null","null","null","null","null"
"2","hedwig-server/src/main/java/org/apache/hedwig/server/persistence/ScanCallback.java","0","57","0","0","0","null","null","null","null","null","null"
"2","hedwig-server/src/main/java/org/apache/hedwig/server/persistence/ScanCallbackWithContext.java","1","49","16","1","16","null","null","null","null","null","null"
"2","hedwig-server/src/main/java/org/apache/hedwig/server/persistence/ScanRequest.java","0","58","0","0","0","null","null","null","null","null","null"
"2","hedwig-server/src/main/java/org/apache/hedwig/server/proxy/ChannelTracker.java","1","119","8","1","9","null","null","null","null","null","null"
"2","hedwig-server/src/main/java/org/apache/hedwig/server/proxy/HedwigProxy.java","1","160","2","2","3","null","null","null","null","null","null"
"2","hedwig-server/src/main/java/org/apache/hedwig/server/proxy/ProxyCloseSubscriptionHandler.java","1","63","63","1","63","null","null","null","null","null","null"
"2","hedwig-server/src/main/java/org/apache/hedwig/server/proxy/ProxyConfiguration.java","0","33","0","0","0","null","null","null","null","null","null"
"2","hedwig-server/src/main/java/org/apache/hedwig/server/proxy/ProxyConsumeHandler.java","0","53","0","0","0","null","null","null","null","null","null"
"2","hedwig-server/src/main/java/org/apache/hedwig/server/proxy/ProxyPublishHander.java","0","56","0","0","0","null","null","null","null","null","null"
"2","hedwig-server/src/main/java/org/apache/hedwig/server/proxy/ProxyStartDeliveryHandler.java","0","119","0","0","0","null","null","null","null","null","null"
"2","hedwig-server/src/main/java/org/apache/hedwig/server/proxy/ProxyStopDeliveryHandler.java","0","67","0","0","0","null","null","null","null","null","null"
"2","hedwig-server/src/main/java/org/apache/hedwig/server/proxy/ProxySubscribeHandler.java","0","75","0","0","0","null","null","null","null","null","null"
"2","hedwig-server/src/main/java/org/apache/hedwig/server/proxy/ProxyUnsubscribeHandler.java","0","67","0","0","0","null","null","null","null","null","null"
"2","hedwig-server/src/main/java/org/apache/hedwig/server/regions/HedwigHubClient.java","0","44","0","0","0","null","null","null","null","null","null"
"2","hedwig-server/src/main/java/org/apache/hedwig/server/regions/HedwigHubClientFactory.java","1","67","12","1","18","null","null","null","null","null","null"
"2","hedwig-server/src/main/java/org/apache/hedwig/server/regions/HedwigHubSubscriber.java","0","78","0","0","0","null","null","null","null","null","null"
"2","hedwig-server/src/main/java/org/apache/hedwig/server/regions/RegionManager.java","1","320","0","2","10","null","null","null","null","null","null"
"2","hedwig-server/src/main/java/org/apache/hedwig/server/ssl/SslServerContextFactory.java","0","48","0","0","0","null","null","null","null","null","null"
"2","hedwig-server/src/main/java/org/apache/hedwig/server/subscriptions/AbstractSubscriptionManager.java","2","719","16","10","28","null","null","null","null","null","null"
"2","hedwig-server/src/main/java/org/apache/hedwig/server/subscriptions/AllToAllTopologyFilter.java","1","68","16","2","20","null","null","null","null","null","null"
"2","hedwig-server/src/main/java/org/apache/hedwig/server/subscriptions/InMemorySubscriptionManager.java","2","113","8","5","11","null","null","null","null","null","null"
"2","hedwig-server/src/main/java/org/apache/hedwig/server/subscriptions/InMemorySubscriptionState.java","2","180","17","6","19","null","null","null","null","null","null"
"2","hedwig-server/src/main/java/org/apache/hedwig/server/subscriptions/MMSubscriptionManager.java","1","121","30","4","36","null","null","null","null","null","null"
"2","hedwig-server/src/main/java/org/apache/hedwig/server/subscriptions/SubscriptionEventListener.java","0","52","0","0","0","null","null","null","null","null","null"
"2","hedwig-server/src/main/java/org/apache/hedwig/server/subscriptions/SubscriptionManager.java","1","111","7","2","8","null","null","null","null","null","null"
"2","hedwig-server/src/main/java/org/apache/hedwig/server/topics/AbstractTopicManager.java","1","184","3","1","4","null","null","null","null","null","null"
"2","hedwig-server/src/main/java/org/apache/hedwig/server/topics/HubInfo.java","1","146","146","1","146","null","null","null","null","null","null"
"2","hedwig-server/src/main/java/org/apache/hedwig/server/topics/HubLoad.java","1","117","58","2","59","null","null","null","null","null","null"
"2","hedwig-server/src/main/java/org/apache/hedwig/server/topics/HubServerManager.java","1","98","98","1","98","null","null","null","null","null","null"
"2","hedwig-server/src/main/java/org/apache/hedwig/server/topics/MMTopicManager.java","1","318","159","2","159","null","null","null","null","null","null"
"2","hedwig-server/src/main/java/org/apache/hedwig/server/topics/TopicManager.java","0","72","0","0","0","null","null","null","null","null","null"
"2","hedwig-server/src/main/java/org/apache/hedwig/server/topics/TopicOwnershipChangeListener.java","0","26","0","0","0","null","null","null","null","null","null"
"2","hedwig-server/src/main/java/org/apache/hedwig/server/topics/TrivialOwnAllTopicManager.java","0","52","0","0","0","null","null","null","null","null","null"
"2","hedwig-server/src/main/java/org/apache/hedwig/server/topics/ZkHubServerManager.java","2","276","137","2","140","null","null","null","null","null","null"
"2","hedwig-server/src/main/java/org/apache/hedwig/server/topics/ZkTopicManager.java","1","306","95","1","69","null","null","null","null","null","null"
"2","hedwig-server/src/main/java/org/apache/hedwig/zookeeper/SafeAsynBKCallback.java","0","93","0","0","0","null","null","null","null","null","null"
"2","hedwig-server/src/main/java/org/apache/hedwig/zookeeper/SafeAsyncCallback.java","0","32","0","0","0","null","null","null","null","null","null"
"2","hedwig-server/src/main/java/org/apache/hedwig/zookeeper/SafeAsyncZKCallback.java","0","89","0","0","0","null","null","null","null","null","null"
"2","hedwig-server/src/main/java/org/apache/hedwig/zookeeper/ZkUtils.java","1","106","35","1","35","null","null","null","null","null","null"
