"Release","File","# Authors in Release","LOC","Avg Churn in Release","Avg Churn from Start","Avg LOC Added in Release","Avg LOC Added from Start","# Revision in Release","# Revision from Start","# Bug Fix in Release","# Bug Fix from Start","Buggy"
"1","AckRequestProcessor.java","2","41","7","7","8","8","17","17","0","0","0"
"1","AsyncCallback.java","3","47","7","7","8","8","19","19","0","0","1"
"1","AuthenticationProvider.java","2","73","12","12","13","13","17","17","0","0","0"
"1","AuthFastLeaderElection.java","6","809","44","44","185","185","36","36","4","4","1"
"1","BinaryInputArchive.java","2","119","18","18","18","18","19","19","0","0","0"
"1","BinaryOutputArchive.java","3","135","17","17","18","18","21","21","0","0","0"
"1","ByteBufferInputStream.java","2","65","11","11","12","12","17","17","0","0","0"
"1","CGenerator.java","3","80","10","10","11","11","22","22","0","0","0"
"1","ClientCnxn.java","6","928","39","39","94","94","65","65","18","18","1"
"1","ClientWatchManager.java","2","36","11","11","13","13","6","6","4","4","0"
"1","CommitProcessor.java","5","171","13","13","33","33","36","36","4","4","1"
"1","CommonNames.java","2","27","3","3","4","4","14","14","0","0","0"
"1","ConnectionBean.java","3","101","11","11","12","12","18","18","2","2","1"
"1","ConnectionMXBean.java","2","62","8","8","9","9","14","14","0","0","1"
"1","ConnectionObserver.java","2","35","5","5","6","6","14","14","0","0","0"
"1","CppGenerator.java","2","75","11","11","12","12","19","19","0","0","0"
"1","CreateMode.java","1","81","81","81","81","81","2","2","0","0","0"
"1","CsvInputArchive.java","2","189","33","33","33","33","17","17","0","0","0"
"1","CsvOutputArchive.java","4","136","19","19","19","19","21","21","2","2","0"
"1","DataNode.java","4","113","10","10","12","12","31","31","6","6","1"
"1","DataNodeV1.java","1","117","117","117","117","117","2","2","0","0","0"
"1","DataTree.java","5","719","31","31","36","36","60","60","12","12","0"
"1","DataTreeBean.java","2","80","8","8","10","10","18","18","2","2","0"
"1","DataTreeMXBean.java","2","42","6","6","6","6","14","14","0","0","0"
"1","DataTreeObserver.java","2","48","6","6","8","8","14","14","0","0","0"
"1","DataTreeV1.java","1","524","524","524","524","524","2","2","0","0","0"
"1","DigestAuthenticationProvider.java","3","115","14","14","35","35","23","23","0","0","0"
"1","Election.java","4","24","2","2","3","3","20","20","2","2","1"
"1","EventInfo.java","2","27","4","4","4","4","14","14","0","0","0"
"1","FastLeaderElection.java","6","564","29","29","62","62","38","38","18","18","1"
"1","FileSnap.java","3","144","28","28","31","31","10","10","16","16","1"
"1","FileTxnLog.java","2","437","109","109","110","110","8","8","16","16","1"
"1","FileTxnSnapLog.java","3","222","55","55","57","57","8","8","6","6","1"
"1","FinalRequestProcessor.java","6","239","15","15","36","36","46","46","10","10","1"
"1","Follower.java","6","341","21","21","82","82","46","46","8","8","0"
"1","FollowerBean.java","2","26","3","3","4","4","14","14","0","0","0"
"1","FollowerHandler.java","6","356","22","22","57","57","45","45","6","6","0"
"1","FollowerMXBean.java","2","24","3","3","4","4","14","14","0","0","0"
"1","FollowerRequestProcessor.java","5","97","8","8","9","9","34","34","4","4","0"
"1","FollowerSessionTracker.java","3","77","10","10","12","12","21","21","0","0","0"
"1","FollowerSyncRequest.java","2","31","16","16","16","16","4","4","4","4","0"
"1","FollowerZooKeeperServer.java","6","160","9","9","13","13","47","47","8","8","1"
"1","HostAuthenticationProvider.java","2","61","9","9","10","10","19","19","0","0","0"
"1","Index.java","2","36","6","6","6","6","17","17","0","0","0"
"1","InputArchive.java","2","41","7","7","7","7","17","17","0","0","0"
"1","IPAuthenticationProvider.java","2","104","16","16","17","17","19","19","0","0","0"
"1","JavaGenerator.java","2","56","8","8","9","9","19","19","0","0","0"
"1","JBoolean.java","3","39","5","5","6","6","20","20","0","0","0"
"1","JBuffer.java","2","97","17","17","17","17","17","17","0","0","0"
"1","JByte.java","2","32","5","5","5","5","17","17","0","0","0"
"1","JCompType.java","2","50","8","8","8","8","17","17","0","0","0"
"1","JDouble.java","2","37","6","6","6","6","17","17","0","0","0"
"1","JField.java","2","90","15","15","16","16","17","17","0","0","0"
"1","JFile.java","2","68","10","10","11","11","19","19","0","0","0"
"1","JFloat.java","2","36","6","6","6","6","17","17","0","0","0"
"1","JInt.java","2","32","5","5","5","5","17","17","0","0","0"
"1","JLong.java","2","36","6","6","6","6","17","17","0","0","0"
"1","JMap.java","2","91","16","16","16","16","17","17","0","0","0"
"1","JRecord.java","4","458","54","54","56","56","25","25","0","0","0"
"1","JString.java","2","43","7","7","7","7","17","17","0","0","0"
"1","JType.java","2","128","22","22","22","22","17","17","0","0","0"
"1","JVector.java","3","96","15","15","15","15","19","19","0","0","0"
"1","KeeperException.java","2","303","31","31","36","36","23","23","0","0","1"
"1","Leader.java","6","570","39","39","47","47","42","42","10","10","0"
"1","LeaderBean.java","2","27","3","3","4","4","14","14","0","0","0"
"1","LeaderElection.java","5","175","15","15","37","37","35","35","6","6","1"
"1","LeaderElectionBean.java","2","39","5","5","6","6","14","14","0","0","0"
"1","LeaderElectionMXBean.java","2","31","4","4","5","5","14","14","0","0","0"
"1","LeaderMXBean.java","2","24","3","3","4","4","14","14","0","0","0"
"1","LeaderZooKeeperServer.java","5","80","7","7","9","9","32","32","4","4","1"
"1","LocalPeerBean.java","3","48","6","6","7","7","16","16","2","2","0"
"1","LocalPeerMXBean.java","2","31","4","4","5","5","14","14","0","0","0"
"1","LogFormatter.java","3","65","9","9","10","10","21","21","2","2","1"
"1","ManagedQuorumPeer.java","3","203","18","18","26","26","22","22","6","6","0"
"1","ManagedQuorumPeerMain.java","2","119","29","29","37","37","8","8","6","6","0"
"1","ManagedZooKeeperServer.java","3","113","11","11","16","16","20","20","4","4","0"
"1","ManagedZooKeeperServerMain.java","2","72","23","23","26","26","6","6","4","4","0"
"1","MBeanRegistry.java","3","158","19","19","20","20","16","16","0","0","1"
"1","NIOServerCnxn.java","5","786","51","51","127","127","45","45","8","8","1"
"1","ObservableComponent.java","2","31","4","4","5","5","14","14","0","0","0"
"1","ObservableDataTree.java","3","104","13","13","14","14","16","16","2","2","0"
"1","ObservableFollower.java","2","71","10","10","11","11","14","14","0","0","0"
"1","ObservableFollowerZooKeeperServer.java","2","50","6","6","7","7","16","16","2","2","0"
"1","ObservableLeader.java","2","74","10","10","11","11","14","14","0","0","0"
"1","ObservableLeaderZooKeeperServer.java","2","50","6","6","7","7","16","16","2","2","0"
"1","ObservableNIOServerCnxn.java","2","77","11","11","12","12","14","14","0","0","0"
"1","ObservableQuorumPeer.java","3","104","9","9","13","13","22","22","6","6","0"
"1","ObservableZooKeeperServer.java","3","51","5","5","7","7","20","20","4","4","0"
"1","ObserverManager.java","2","86","12","12","13","13","14","14","0","0","0"
"1","OutputArchive.java","3","44","7","7","7","7","19","19","0","0","0"
"1","ParseException.java","2","189","33","33","33","33","17","17","0","0","0"
"1","PrepRequestProcessor.java","6","414","22","22","54","54","54","54","12","12","1"
"1","Profiler.java","3","36","3","3","10","10","22","22","0","0","0"
"1","ProposalRequestProcessor.java","5","69","6","6","10","10","30","30","4","4","0"
"1","ProviderRegistry.java","4","71","6","6","17","17","24","24","2","2","0"
"1","PurgeTxnLog.java","3","85","9","9","29","29","25","25","2","2","1"
"1","QuorumBean.java","2","40","5","5","6","6","14","14","0","0","0"
"1","QuorumCnxManager.java","5","508","33","33","89","89","30","30","4","4","1"
"1","QuorumMXBean.java","2","30","4","4","5","5","14","14","0","0","0"
"1","QuorumPeer.java","6","531","25","25","104","104","59","59","14","14","1"
"1","QuorumPeerConfig.java","4","207","12","12","46","46","34","34","4","4","1"
"1","QuorumPeerMain.java","2","99","33","33","35","35","6","6","6","6","1"
"1","QuorumPeerObserver.java","2","63","9","9","10","10","14","14","0","0","0"
"1","QuorumStats.java","3","73","7","7","10","10","20","20","0","0","1"
"1","Rcc.java","2","473","74","74","76","76","19","19","0","0","0"
"1","RccConstants.java","2","80","14","14","14","14","17","17","0","0","0"
"1","RccTokenManager.java","2","750","132","132","132","132","17","17","0","0","0"
"1","Record.java","2","30","5","5","5","5","17","17","0","0","0"
"1","RecordReader.java","2","89","15","15","15","15","17","17","0","0","0"
"1","RecordWriter.java","2","106","18","18","18","18","17","17","0","0","0"
"1","RemotePeerBean.java","2","41","5","5","7","7","14","14","0","0","0"
"1","RemotePeerMXBean.java","2","30","4","4","5","5","14","14","0","0","0"
"1","Request.java","6","178","14","14","16","16","34","34","6","6","1"
"1","RequestProcessor.java","2","34","5","5","6","6","17","17","0","0","0"
"1","SendAckRequestProcessor.java","3","49","5","5","7","7","26","26","0","0","0"
"1","SerializeUtils.java","1","95","95","95","95","95","2","2","2","2","0"
"1","ServerAdminClient.java","4","281","29","29","67","67","27","27","0","0","0"
"1","ServerBean.java","2","35","5","5","6","6","14","14","0","0","0"
"1","ServerCnxn.java","3","71","9","9","10","10","23","23","0","0","1"
"1","ServerConfig.java","3","63","5","5","13","13","22","22","0","0","1"
"1","ServerMXBean.java","2","30","4","4","5","5","14","14","0","0","0"
"1","ServerObserver.java","2","35","5","5","6","6","14","14","0","0","0"
"1","ServerStats.java","3","126","14","14","15","15","18","18","0","0","1"
"1","SessionTracker.java","2","53","8","8","9","9","19","19","0","0","1"
"1","SessionTrackerImpl.java","5","198","15","15","18","18","37","37","2","2","1"
"1","SimpleCharStream.java","2","412","72","72","72","72","17","17","0","0","0"
"1","SnapShot.java","2","54","27","27","28","28","4","4","4","4","1"
"1","SyncRequestProcessor.java","5","119","13","13","50","50","35","35","6","6","1"
"1","Token.java","2","90","15","15","16","16","17","17","0","0","0"
"1","TokenMgrError.java","2","136","24","24","24","24","17","17","0","0","0"
"1","TraceFormatter.java","3","108","16","16","18","18","19","19","2","2","0"
"1","TxnLog.java","1","103","104","104","104","104","2","2","2","2","1"
"1","UpgradeMain.java","1","163","163","163","163","163","2","2","0","0","0"
"1","UpgradeSnapShot.java","1","30","30","30","30","30","2","2","0","0","0"
"1","UpgradeSnapShotV1.java","1","291","291","291","291","291","2","2","0","0","0"
"1","Util.java","3","275","91","91","101","101","6","6","8","8","1"
"1","Utils.java","3","251","39","39","39","39","19","19","2","2","1"
"1","VerGen.java","3","108","9","9","19","19","24","24","0","0","1"
"1","Version.java","2","71","5","5","10","10","26","26","0","0","0"
"1","Vote.java","4","63","5","5","8","8","22","22","6","6","0"
"1","WatchedEvent.java","1","73","36","36","37","37","4","4","0","0","1"
"1","Watcher.java","2","97","10","10","14","14","23","23","4","4","0"
"1","WatchManager.java","3","102","9","9","11","11","29","29","0","0","0"
"1","XmlInputArchive.java","2","226","39","39","40","40","17","17","0","0","0"
"1","XmlOutputArchive.java","3","227","35","35","36","36","19","19","0","0","0"
"1","ZKMBeanInfo.java","2","33","4","4","5","5","14","14","0","0","0"
"1","ZooDefs.java","3","101","11","11","12","12","26","26","2","2","1"
"1","ZooKeeper.java","6","927","36","36","94","94","73","73","24","24","1"
"1","ZooKeeperMain.java","2","209","35","35","37","37","12","12","8","8","1"
"1","ZooKeeperObserverManager.java","2","55","8","8","9","9","14","14","0","0","0"
"1","ZooKeeperObserverNotifier.java","2","69","9","9","11","11","14","14","0","0","0"
"1","ZooKeeperServer.java","6","549","28","28","159","159","62","62","12","12","1"
"1","ZooKeeperServerBean.java","3","106","13","13","14","14","16","16","2","2","1"
"1","ZooKeeperServerMain.java","2","72","36","36","38","38","4","4","4","4","1"
"1","ZooKeeperServerMXBean.java","2","67","9","9","10","10","14","14","0","0","0"
"1","ZooTrace.java","3","83","8","8","17","17","20","20","2","2","0"
"2","AckRequestProcessor.java","0","41","0","7","0","8","0","17","0","0","0"
"2","AsyncCallback.java","0","47","0","7","0","8","0","19","0","0","1"
"2","AuthenticationProvider.java","0","73","0","12","0","13","0","17","0","0","0"
"2","AuthFastLeaderElection.java","0","809","0","44","0","185","0","36","0","4","1"
"2","BinaryInputArchive.java","0","119","0","18","0","18","0","19","0","0","0"
"2","BinaryOutputArchive.java","0","135","0","17","0","18","0","21","0","0","0"
"2","ByteBufferInputStream.java","0","65","0","11","0","12","0","17","0","0","0"
"2","CGenerator.java","0","80","0","10","0","11","0","22","0","0","0"
"2","ClientCnxn.java","1","941","13","39","89","94","2","67","6","24","1"
"2","ClientWatchManager.java","0","36","0","11","0","13","0","6","0","4","0"
"2","CommitProcessor.java","0","171","0","13","0","33","0","36","0","4","1"
"2","CommonNames.java","0","27","0","3","0","4","0","14","0","0","0"
"2","ConnectionBean.java","0","101","0","11","0","12","0","18","0","2","1"
"2","ConnectionMXBean.java","0","62","0","8","0","9","0","14","0","0","1"
"2","ConnectionObserver.java","0","35","0","5","0","6","0","14","0","0","0"
"2","CppGenerator.java","0","75","0","11","0","12","0","19","0","0","0"
"2","CreateMode.java","0","81","0","81","0","81","0","2","0","0","0"
"2","CsvInputArchive.java","0","189","0","33","0","33","0","17","0","0","0"
"2","CsvOutputArchive.java","0","136","0","19","0","19","0","21","0","2","0"
"2","DataNode.java","1","113","0","9","1","11","2","33","4","10","0"
"2","DataNodeV1.java","0","117","0","117","0","117","0","2","0","0","0"
"2","DataTree.java","0","719","0","31","0","36","0","60","0","12","0"
"2","DataTreeBean.java","0","80","0","8","0","10","0","18","0","2","0"
"2","DataTreeMXBean.java","0","42","0","6","0","6","0","14","0","0","0"
"2","DataTreeObserver.java","0","48","0","6","0","8","0","14","0","0","0"
"2","DataTreeV1.java","0","524","0","524","0","524","0","2","0","0","0"
"2","DigestAuthenticationProvider.java","0","115","0","14","0","35","0","23","0","0","0"
"2","Election.java","0","24","0","2","0","3","0","20","0","2","1"
"2","Environment.java","1","90","90","90","90","90","2","2","2","2","0"
"2","EventInfo.java","0","27","0","4","0","4","0","14","0","0","0"
"2","FastLeaderElection.java","0","564","0","29","0","62","0","38","0","18","1"
"2","FileSnap.java","0","144","0","28","0","31","0","10","0","16","1"
"2","FileTxnLog.java","0","437","0","109","0","110","0","8","0","16","1"
"2","FileTxnSnapLog.java","0","222","0","55","0","57","0","8","0","6","1"
"2","FinalRequestProcessor.java","0","239","0","15","0","36","0","46","0","10","1"
"2","Follower.java","0","341","0","21","0","82","0","46","0","8","0"
"2","FollowerBean.java","0","26","0","3","0","4","0","14","0","0","0"
"2","FollowerHandler.java","0","356","0","22","0","57","0","45","0","6","0"
"2","FollowerMXBean.java","0","24","0","3","0","4","0","14","0","0","0"
"2","FollowerRequestProcessor.java","0","97","0","8","0","9","0","34","0","4","0"
"2","FollowerSessionTracker.java","0","77","0","10","0","12","0","21","0","0","0"
"2","FollowerSyncRequest.java","0","31","0","16","0","16","0","4","0","4","0"
"2","FollowerZooKeeperServer.java","0","160","0","9","0","13","0","47","0","8","1"
"2","HostAuthenticationProvider.java","0","61","0","9","0","10","0","19","0","0","0"
"2","Index.java","0","36","0","6","0","6","0","17","0","0","0"
"2","InputArchive.java","0","41","0","7","0","7","0","17","0","0","0"
"2","IPAuthenticationProvider.java","0","104","0","16","0","17","0","19","0","0","0"
"2","JavaGenerator.java","0","56","0","8","0","9","0","19","0","0","0"
"2","JBoolean.java","0","39","0","5","0","6","0","20","0","0","0"
"2","JBuffer.java","0","97","0","17","0","17","0","17","0","0","0"
"2","JByte.java","0","32","0","5","0","5","0","17","0","0","0"
"2","JCompType.java","0","50","0","8","0","8","0","17","0","0","0"
"2","JDouble.java","0","37","0","6","0","6","0","17","0","0","0"
"2","JField.java","0","90","0","15","0","16","0","17","0","0","0"
"2","JFile.java","0","68","0","10","0","11","0","19","0","0","0"
"2","JFloat.java","0","36","0","6","0","6","0","17","0","0","0"
"2","JInt.java","0","32","0","5","0","5","0","17","0","0","0"
"2","JLong.java","0","36","0","6","0","6","0","17","0","0","0"
"2","JMap.java","0","91","0","16","0","16","0","17","0","0","0"
"2","JRecord.java","0","458","0","54","0","56","0","25","0","0","0"
"2","JString.java","0","43","0","7","0","7","0","17","0","0","0"
"2","JType.java","0","128","0","22","0","22","0","17","0","0","0"
"2","JVector.java","0","96","0","15","0","15","0","19","0","0","0"
"2","KeeperException.java","0","303","0","31","0","36","0","23","0","0","1"
"2","Leader.java","0","570","0","39","0","47","0","42","0","10","0"
"2","LeaderBean.java","0","27","0","3","0","4","0","14","0","0","0"
"2","LeaderElection.java","0","175","0","15","0","37","0","35","0","6","1"
"2","LeaderElectionBean.java","0","39","0","5","0","6","0","14","0","0","0"
"2","LeaderElectionMXBean.java","0","31","0","4","0","5","0","14","0","0","0"
"2","LeaderMXBean.java","0","24","0","3","0","4","0","14","0","0","0"
"2","LeaderZooKeeperServer.java","0","80","0","7","0","9","0","32","0","4","1"
"2","LocalPeerBean.java","0","48","0","6","0","7","0","16","0","2","0"
"2","LocalPeerMXBean.java","0","31","0","4","0","5","0","14","0","0","0"
"2","LogFormatter.java","0","65","0","9","0","10","0","21","0","2","1"
"2","ManagedQuorumPeer.java","0","203","0","18","0","26","0","22","0","6","0"
"2","ManagedQuorumPeerMain.java","1","124","5","24","6","30","2","10","4","10","0"
"2","ManagedZooKeeperServer.java","0","113","0","11","0","16","0","20","0","4","0"
"2","ManagedZooKeeperServerMain.java","1","78","7","19","8","21","2","8","4","8","0"
"2","MBeanRegistry.java","0","158","0","19","0","20","0","16","0","0","1"
"2","NIOServerCnxn.java","1","800","14","49","17","123","2","47","2","10","1"
"2","ObservableComponent.java","0","31","0","4","0","5","0","14","0","0","0"
"2","ObservableDataTree.java","0","104","0","13","0","14","0","16","0","2","0"
"2","ObservableFollower.java","0","71","0","10","0","11","0","14","0","0","0"
"2","ObservableFollowerZooKeeperServer.java","0","50","0","6","0","7","0","16","0","2","0"
"2","ObservableLeader.java","0","74","0","10","0","11","0","14","0","0","0"
"2","ObservableLeaderZooKeeperServer.java","0","50","0","6","0","7","0","16","0","2","0"
"2","ObservableNIOServerCnxn.java","0","77","0","11","0","12","0","14","0","0","0"
"2","ObservableQuorumPeer.java","0","104","0","9","0","13","0","22","0","6","0"
"2","ObservableZooKeeperServer.java","0","51","0","5","0","7","0","20","0","4","0"
"2","ObserverManager.java","0","86","0","12","0","13","0","14","0","0","0"
"2","OutputArchive.java","0","44","0","7","0","7","0","19","0","0","0"
"2","ParseException.java","0","189","0","33","0","33","0","17","0","0","0"
"2","PrepRequestProcessor.java","0","414","0","22","0","54","0","54","0","12","1"
"2","Profiler.java","0","36","0","3","0","10","0","22","0","0","0"
"2","ProposalRequestProcessor.java","0","69","0","6","0","10","0","30","0","4","0"
"2","ProviderRegistry.java","0","71","0","6","0","17","0","24","0","2","0"
"2","PurgeTxnLog.java","0","85","0","9","0","29","0","25","0","2","1"
"2","QuorumBean.java","0","40","0","5","0","6","0","14","0","0","0"
"2","QuorumCnxManager.java","0","508","0","33","0","89","0","30","0","4","1"
"2","QuorumMXBean.java","0","30","0","4","0","5","0","14","0","0","0"
"2","QuorumPeer.java","0","531","0","25","0","104","0","59","0","14","1"
"2","QuorumPeerConfig.java","1","200","-8","11","108","50","2","36","4","8","1"
"2","QuorumPeerMain.java","1","104","5","26","6","28","2","8","4","10","1"
"2","QuorumPeerObserver.java","0","63","0","9","0","10","0","14","0","0","0"
"2","QuorumStats.java","0","73","0","7","0","10","0","20","0","0","1"
"2","Rcc.java","0","473","0","74","0","76","0","19","0","0","0"
"2","RccConstants.java","0","80","0","14","0","14","0","17","0","0","0"
"2","RccTokenManager.java","0","750","0","132","0","132","0","17","0","0","0"
"2","Record.java","0","30","0","5","0","5","0","17","0","0","0"
"2","RecordReader.java","0","89","0","15","0","15","0","17","0","0","0"
"2","RecordWriter.java","0","106","0","18","0","18","0","17","0","0","0"
"2","RemotePeerBean.java","0","41","0","5","0","7","0","14","0","0","0"
"2","RemotePeerMXBean.java","0","30","0","4","0","5","0","14","0","0","0"
"2","Request.java","0","178","0","14","0","16","0","34","0","6","1"
"2","RequestProcessor.java","0","34","0","5","0","6","0","17","0","0","0"
"2","SendAckRequestProcessor.java","0","49","0","5","0","7","0","26","0","0","0"
"2","SerializeUtils.java","0","95","0","95","0","95","0","2","0","2","0"
"2","ServerAdminClient.java","0","281","0","29","0","67","0","27","0","0","0"
"2","ServerBean.java","0","35","0","5","0","6","0","14","0","0","0"
"2","ServerCnxn.java","1","72","2","8","2","9","2","25","2","2","1"
"2","ServerConfig.java","1","61","-2","5","3","12","2","24","4","4","1"
"2","ServerMXBean.java","0","30","0","4","0","5","0","14","0","0","0"
"2","ServerObserver.java","0","35","0","5","0","6","0","14","0","0","0"
"2","ServerStats.java","0","126","0","14","0","15","0","18","0","0","1"
"2","SessionTracker.java","0","53","0","8","0","9","0","19","0","0","1"
"2","SessionTrackerImpl.java","0","198","0","15","0","18","0","37","0","2","1"
"2","SimpleCharStream.java","0","412","0","72","0","72","0","17","0","0","0"
"2","SnapShot.java","0","54","0","27","0","28","0","4","0","4","1"
"2","SyncRequestProcessor.java","1","130","11","12","16","49","2","37","6","12","1"
"2","Token.java","0","90","0","15","0","16","0","17","0","0","0"
"2","TokenMgrError.java","0","136","0","24","0","24","0","17","0","0","0"
"2","TraceFormatter.java","0","108","0","16","0","18","0","19","0","2","0"
"2","TxnLog.java","0","103","0","104","0","104","0","2","0","2","1"
"2","UpgradeMain.java","0","163","0","163","0","163","0","2","0","0","0"
"2","UpgradeSnapShot.java","0","30","0","30","0","30","0","2","0","0","0"
"2","UpgradeSnapShotV1.java","0","291","0","291","0","291","0","2","0","0","0"
"2","Util.java","0","275","0","91","0","101","0","6","0","8","1"
"2","Utils.java","0","251","0","39","0","39","0","19","0","2","1"
"2","VerGen.java","0","108","0","9","0","19","0","24","0","0","1"
"2","Version.java","0","71","0","5","0","10","0","26","0","0","0"
"2","Vote.java","0","63","0","5","0","8","0","22","0","6","0"
"2","WatchedEvent.java","0","73","0","36","0","37","0","4","0","0","1"
"2","Watcher.java","0","97","0","10","0","14","0","23","0","4","0"
"2","WatchManager.java","0","102","0","9","0","11","0","29","0","0","0"
"2","XmlInputArchive.java","0","226","0","39","0","40","0","17","0","0","0"
"2","XmlOutputArchive.java","0","227","0","35","0","36","0","19","0","0","0"
"2","ZKMBeanInfo.java","0","33","0","4","0","5","0","14","0","0","0"
"2","ZooDefs.java","0","101","0","11","0","12","0","26","0","2","1"
"2","ZooKeeper.java","1","936","5","34","6","89","4","77","8","32","1"
"2","ZooKeeperMain.java","0","209","0","35","0","37","0","12","0","8","1"
"2","ZooKeeperObserverManager.java","0","55","0","8","0","9","0","14","0","0","0"
"2","ZooKeeperObserverNotifier.java","0","69","0","9","0","11","0","14","0","0","0"
"2","ZooKeeperServer.java","1","555","6","27","8","155","2","64","2","14","1"
"2","ZooKeeperServerBean.java","0","106","0","13","0","14","0","16","0","2","1"
"2","ZooKeeperServerMain.java","1","78","6","26","8","28","2","6","4","8","1"
"2","ZooKeeperServerMXBean.java","0","67","0","9","0","10","0","14","0","0","0"
"2","ZooTrace.java","0","83","0","8","0","17","0","20","0","2","0"
"3","AckRequestProcessor.java","0","41","0","7","0","8","0","17","0","0","0"
"3","AddCallback.java","1","34","34","34","34","34","2","2","2","2","0"
"3","AsyncCallback.java","0","47","0","7","0","8","0","19","0","0","1"
"3","AuthenticationProvider.java","1","74","1","11","2","12","2","19","2","2","0"
"3","AuthFastLeaderElection.java","1","803","-6","42","9","175","2","38","2","6","1"
"3","BinaryInputArchive.java","0","119","0","18","0","18","0","19","0","0","0"
"3","BinaryOutputArchive.java","0","135","0","17","0","18","0","21","0","0","0"
"3","BKException.java","1","117","117","117","117","117","2","2","2","2","1"
"3","Bookie.java","1","309","309","309","309","309","2","2","2","2","0"
"3","BookieClient.java","1","308","308","308","308","308","2","2","2","2","1"
"3","BookieHandle.java","1","225","225","225","225","225","2","2","2","2","1"
"3","BookieProtocol.java","1","63","63","63","63","63","2","2","2","2","1"
"3","BookieServer.java","1","162","162","162","162","162","2","2","2","2","0"
"3","BookKeeper.java","1","631","631","631","631","631","2","2","2","2","1"
"3","ByteBufferInputStream.java","0","65","0","11","0","12","0","17","0","0","0"
"3","CGenerator.java","0","80","0","10","0","11","0","22","0","0","0"
"3","ClientBase.java","2","309","152","152","154","154","4","4","4","4","1"
"3","ClientCBWorker.java","1","101","101","101","101","101","2","2","2","2","0"
"3","ClientCnxn.java","3","963","4","34","7","82","10","77","16","40","1"
"3","ClientWatchManager.java","0","36","0","11","0","13","0","6","0","4","0"
"3","CommitProcessor.java","1","168","-2","12","1","30","4","40","6","10","1"
"3","CommonNames.java","1","27","0","3","1","4","2","16","2","2","0"
"3","ConnectionBean.java","2","109","3","9","10","12","4","22","6","8","1"
"3","ConnectionMXBean.java","1","62","0","7","1","8","2","16","2","2","1"
"3","CppGenerator.java","0","75","0","11","0","12","0","19","0","0","0"
"3","CreateMode.java","0","81","0","81","0","81","0","2","0","0","0"
"3","CsvInputArchive.java","0","189","0","33","0","33","0","17","0","0","0"
"3","CsvOutputArchive.java","0","136","0","19","0","19","0","21","0","2","0"
"3","DataNode.java","2","118","2","8","13","12","4","37","4","14","0"
"3","DataNodeV1.java","0","117","0","117","0","117","0","2","0","0","0"
"3","DataTree.java","3","963","49","34","56","39","10","70","12","24","0"
"3","DataTreeBean.java","1","63","-16","6","17","11","2","20","2","4","0"
"3","DataTreeMXBean.java","1","43","1","5","9","7","2","16","2","2","0"
"3","DataTreeV1.java","2","525","0","175","7","179","4","6","4","4","0"
"3","DigestAuthenticationProvider.java","1","116","1","13","5","33","2","25","2","2","1"
"3","Election.java","0","24","0","2","0","3","0","20","0","2","1"
"3","Environment.java","0","90","0","90","0","90","0","2","0","2","0"
"3","ErrorCodes.java","1","27","27","27","27","27","2","2","2","2","0"
"3","FastLeaderElection.java","3","589","6","25","26","56","8","46","6","24","1"
"3","FatJarMain.java","1","114","114","114","114","114","2","2","0","0","0"
"3","FileSnap.java","1","168","12","24","13","26","4","14","8","24","1"
"3","FileTxnLog.java","1","439","2","87","3","89","2","10","4","20","1"
"3","FileTxnSnapLog.java","1","249","9","35","9","37","6","14","10","16","1"
"3","FinalRequestProcessor.java","3","242","1","13","5","33","6","52","6","16","1"
"3","Follower.java","2","363","11","20","83","82","4","50","4","12","1"
"3","FollowerBean.java","1","45","-9","2","17","6","2","16","2","2","0"
"3","FollowerHandler.java","2","367","5","21","10","53","4","49","4","10","1"
"3","FollowerMXBean.java","1","37","-10","1","14","5","2","16","2","2","0"
"3","FollowerRequestProcessor.java","2","96","-1","7","1","8","4","38","4","8","0"
"3","FollowerSessionTracker.java","0","77","0","10","0","12","0","21","0","0","1"
"3","FollowerSyncRequest.java","0","31","0","16","0","16","0","4","0","4","0"
"3","FollowerZooKeeperServer.java","3","221","15","10","17","13","8","55","10","18","0"
"3","HostAuthenticationProvider.java","1","63","2","8","4","10","2","21","2","2","0"
"3","Index.java","0","36","0","6","0","6","0","17","0","0","0"
"3","InputArchive.java","0","41","0","7","0","7","0","17","0","0","0"
"3","IPAuthenticationProvider.java","1","106","2","14","4","16","2","21","2","2","0"
"3","JavaGenerator.java","0","56","0","8","0","9","0","19","0","0","0"
"3","JBoolean.java","0","39","0","5","0","6","0","20","0","0","0"
"3","JBuffer.java","0","97","0","17","0","17","0","17","0","0","0"
"3","JByte.java","0","32","0","5","0","5","0","17","0","0","0"
"3","JCompType.java","0","50","0","8","0","8","0","17","0","0","0"
"3","JDouble.java","0","37","0","6","0","6","0","17","0","0","0"
"3","JField.java","0","90","0","15","0","16","0","17","0","0","0"
"3","JFile.java","0","68","0","10","0","11","0","19","0","0","0"
"3","JFloat.java","0","36","0","6","0","6","0","17","0","0","0"
"3","JInt.java","0","32","0","5","0","5","0","17","0","0","0"
"3","JLong.java","0","36","0","6","0","6","0","17","0","0","0"
"3","JMap.java","0","91","0","16","0","16","0","17","0","0","0"
"3","JRecord.java","0","458","0","54","0","56","0","25","0","0","0"
"3","JString.java","0","43","0","7","0","7","0","17","0","0","0"
"3","JType.java","0","128","0","22","0","22","0","17","0","0","0"
"3","JVector.java","0","96","0","15","0","15","0","19","0","0","0"
"3","KeeperException.java","1","560","129","46","240","66","4","27","6","6","1"
"3","Leader.java","2","575","2","36","38","46","4","46","4","14","0"
"3","LeaderBean.java","1","48","22","6","25","7","2","16","2","2","0"
"3","LeaderElection.java","1","174","-1","14","4","35","2","37","2","8","1"
"3","LeaderElectionBean.java","1","38","-1","4","3","6","2","16","2","2","0"
"3","LeaderElectionMXBean.java","1","28","-3","3","2","4","2","16","2","2","0"
"3","LeaderMXBean.java","1","33","9","4","11","5","2","16","2","2","0"
"3","LeaderZooKeeperServer.java","2","139","20","9","21","11","6","38","8","12","1"
"3","LedgerDescriptor.java","1","139","139","139","139","139","2","2","2","2","1"
"3","LedgerEntry.java","1","57","57","57","57","57","2","2","2","2","1"
"3","LedgerHandle.java","1","315","315","315","315","315","2","2","2","2","1"
"3","LedgerRecoveryMonitor.java","1","192","192","192","192","192","2","2","2","2","0"
"3","LedgerSequence.java","1","59","59","59","59","59","2","2","2","2","0"
"3","LedgerStream.java","1","94","94","94","94","94","2","2","2","2","0"
"3","LocalBookKeeper.java","1","148","148","148","148","148","2","2","2","2","1"
"3","LocalPeerBean.java","1","62","62","12","62","13","2","18","2","4","0"
"3","LocalPeerMXBean.java","1","58","58","11","58","12","2","16","2","2","0"
"3","LogFormatter.java","1","65","0","8","1","9","2","23","2","4","1"
"3","Main.java","1","50","50","50","50","50","2","2","2","2","1"
"3","ManagedUtil.java","2","65","32","32","33","33","4","4","4","4","0"
"3","MBeanRegistry.java","2","175","9","17","19","20","4","20","6","6","0"
"3","MySqlClient.java","1","124","124","124","124","124","2","2","2","2","0"
"3","NIOServerCnxn.java","3","864","8","39","16","96","16","63","22","32","1"
"3","NIOServerFactory.java","1","479","479","479","479","479","2","2","2","2","1"
"3","OutputArchive.java","0","44","0","7","0","7","0","19","0","0","0"
"3","ParseException.java","0","189","0","33","0","33","0","17","0","0","0"
"3","PathTrie.java","1","252","252","252","252","252","2","2","2","2","1"
"3","PrepRequestProcessor.java","3","431","3","19","6","47","10","64","10","22","1"
"3","Profiler.java","1","36","0","3","1","9","2","24","2","2","0"
"3","ProposalRequestProcessor.java","1","68","-1","6","0","9","2","32","2","6","0"
"3","ProviderRegistry.java","0","71","0","6","0","17","0","24","0","2","1"
"3","PurgeTxnLog.java","1","119","34","11","48","31","2","27","4","6","0"
"3","QuorumBean.java","1","40","0","5","7","6","2","16","2","2","0"
"3","QuorumCnxManager.java","2","526","6","29","29","79","6","36","4","8","1"
"3","QuorumEngine.java","1","239","239","239","239","239","2","2","2","2","0"
"3","QuorumMXBean.java","1","31","1","3","2","4","2","16","2","2","0"
"3","QuorumOpMonitor.java","1","447","447","447","447","447","2","2","2","2","0"
"3","QuorumPeer.java","2","585","10","23","22","92","10","69","12","26","1"
"3","QuorumPeerConfig.java","1","199","-1","10","2","47","2","38","2","10","1"
"3","QuorumPeerMain.java","1","111","8","22","9","24","2","10","2","12","1"
"3","QuorumStats.java","1","61","-13","5","9","10","2","22","2","2","1"
"3","Quotas.java","1","62","62","62","62","62","2","2","2","2","0"
"3","Rcc.java","0","473","0","74","0","76","0","19","0","0","0"
"3","RccConstants.java","0","80","0","14","0","14","0","17","0","0","0"
"3","RccTokenManager.java","0","750","0","132","0","132","0","17","0","0","0"
"3","ReadCallback.java","1","35","35","35","35","35","2","2","2","2","0"
"3","ReadEntryCallback.java","1","32","32","32","32","32","2","2","2","2","0"
"3","Record.java","0","30","0","5","0","5","0","17","0","0","0"
"3","RecordReader.java","0","89","0","15","0","15","0","17","0","0","0"
"3","RecordWriter.java","0","106","0","18","0","18","0","17","0","0","0"
"3","RemotePeerBean.java","1","41","0","5","1","6","2","16","2","2","0"
"3","RemotePeerMXBean.java","1","30","0","3","1","4","2","16","2","2","0"
"3","Request.java","0","178","0","14","0","16","0","34","0","6","1"
"3","RequestProcessor.java","0","34","0","5","0","6","0","17","0","0","0"
"3","SendAckRequestProcessor.java","1","49","0","5","1","7","2","28","2","2","1"
"3","SerializeUtils.java","0","95","0","95","0","95","0","2","0","2","0"
"3","ServerAdminClient.java","0","281","0","29","0","67","0","27","0","0","0"
"3","ServerBean.java","1","35","0","4","1","5","2","16","2","2","0"
"3","ServerCnxn.java","2","78","2","7","6","9","4","29","6","8","1"
"3","ServerConfig.java","0","61","0","5","0","12","0","24","0","4","1"
"3","ServerMXBean.java","1","30","0","3","1","4","2","16","2","2","0"
"3","ServerStats.java","2","119","28","18","37","21","8","26","10","10","1"
"3","SessionTracker.java","0","53","0","8","0","9","0","19","0","0","1"
"3","SessionTrackerImpl.java","1","197","-1","14","3","17","2","39","2","4","1"
"3","SimpleCharStream.java","0","412","0","72","0","72","0","17","0","0","0"
"3","SnapShot.java","0","54","0","27","0","28","0","4","0","4","1"
"3","StatsTrack.java","1","91","91","91","91","91","2","2","2","2","0"
"3","SyncRequestProcessor.java","2","128","-1","11","2","44","4","41","4","16","1"
"3","Token.java","0","90","0","15","0","16","0","17","0","0","0"
"3","TokenMgrError.java","0","136","0","24","0","24","0","17","0","0","0"
"3","TraceFormatter.java","0","108","0","16","0","18","0","19","0","2","0"
"3","TxnLog.java","0","103","0","104","0","104","0","2","0","2","1"
"3","UpgradeMain.java","0","163","0","163","0","163","0","2","0","0","0"
"3","UpgradeSnapShot.java","0","30","0","30","0","30","0","2","0","0","0"
"3","UpgradeSnapShotV1.java","2","295","2","98","4","99","4","6","6","6","0"
"3","Util.java","1","279","5","70","5","77","2","8","4","12","0"
"3","Utils.java","1","255","5","36","15","37","2","21","4","6","0"
"3","VerGen.java","1","116","8","9","9","18","2","26","4","4","0"
"3","Version.java","0","71","0","5","0","10","0","26","0","0","0"
"3","Vote.java","0","63","0","5","0","8","0","22","0","6","0"
"3","WatchedEvent.java","0","73","0","36","0","37","0","4","0","0","1"
"3","Watcher.java","1","113","17","11","17","14","2","25","2","6","0"
"3","WatchManager.java","1","100","-2","9","1","11","2","31","2","2","0"
"3","WriteCallback.java","1","29","29","29","29","29","2","2","2","2","0"
"3","XmlInputArchive.java","0","226","0","39","0","40","0","17","0","0","0"
"3","XmlOutputArchive.java","0","227","0","35","0","36","0","19","0","0","0"
"3","ZKMBeanInfo.java","1","33","0","4","0","4","2","16","2","2","0"
"3","ZooDefs.java","0","101","0","11","0","12","0","26","0","2","1"
"3","ZooKeeper.java","2","1062","25","33","30","82","10","87","10","42","1"
"3","ZooKeeperMain.java","1","455","246","65","256","68","2","14","2","10","1"
"3","ZooKeeperServer.java","3","598","10","25","20","140","8","72","10","24","1"
"3","ZooKeeperServerBean.java","2","103","-2","10","15","14","4","20","6","8","0"
"3","ZooKeeperServerMain.java","2","84","3","16","7","19","4","10","4","12","1"
"3","ZooKeeperServerMXBean.java","1","74","7","9","10","10","2","16","2","2","0"
"3","ZooTrace.java","0","83","0","8","0","17","0","20","0","2","0"
"4","AckRequestProcessor.java","0","41","0","7","0","8","0","17","0","0","0"
"4","AddCallback.java","0","34","0","34","0","34","0","2","0","2","0"
"4","AsyncCallback.java","0","47","0","7","0","8","0","19","0","0","1"
"4","AuthenticationProvider.java","0","74","0","11","0","12","0","19","0","2","0"
"4","AuthFastLeaderElection.java","0","803","0","42","0","175","0","38","0","6","1"
"4","BinaryInputArchive.java","0","119","0","18","0","18","0","19","0","0","0"
"4","BinaryOutputArchive.java","0","135","0","17","0","18","0","21","0","0","0"
"4","BKException.java","0","117","0","117","0","117","0","2","0","2","1"
"4","Bookie.java","0","309","0","309","0","309","0","2","0","2","0"
"4","BookieClient.java","0","308","0","308","0","308","0","2","0","2","1"
"4","BookieHandle.java","0","225","0","225","0","225","0","2","0","2","1"
"4","BookieProtocol.java","0","63","0","63","0","63","0","2","0","2","1"
"4","BookieServer.java","0","162","0","162","0","162","0","2","0","2","0"
"4","BookKeeper.java","0","631","0","631","0","631","0","2","0","2","1"
"4","ByteBufferInputStream.java","0","65","0","11","0","12","0","17","0","0","0"
"4","CGenerator.java","0","80","0","10","0","11","0","22","0","0","0"
"4","ClientBase.java","0","309","0","152","0","154","0","4","0","4","1"
"4","ClientCBWorker.java","0","101","0","101","0","101","0","2","0","2","0"
"4","ClientCnxn.java","0","963","0","34","0","82","0","77","0","40","1"
"4","ClientWatchManager.java","0","36","0","11","0","13","0","6","0","4","0"
"4","CommitProcessor.java","1","170","2","11","3","28","2","42","2","12","1"
"4","CommonNames.java","0","27","0","3","0","4","0","16","0","2","0"
"4","ConnectionBean.java","0","109","0","9","0","12","0","22","0","8","1"
"4","ConnectionMXBean.java","0","62","0","7","0","8","0","16","0","2","1"
"4","CppGenerator.java","0","75","0","11","0","12","0","19","0","0","0"
"4","CreateMode.java","0","81","0","81","0","81","0","2","0","0","0"
"4","CsvInputArchive.java","0","189","0","33","0","33","0","17","0","0","0"
"4","CsvOutputArchive.java","0","136","0","19","0","19","0","21","0","2","0"
"4","DataNode.java","0","118","0","8","0","12","0","37","0","14","0"
"4","DataNodeV1.java","0","117","0","117","0","117","0","2","0","0","0"
"4","DataTree.java","0","963","0","34","0","39","0","70","0","24","0"
"4","DataTreeBean.java","0","63","0","6","0","11","0","20","0","4","0"
"4","DataTreeMXBean.java","0","43","0","5","0","7","0","16","0","2","0"
"4","DataTreeV1.java","0","525","0","175","0","179","0","6","0","4","0"
"4","DigestAuthenticationProvider.java","0","116","0","13","0","33","0","25","0","2","1"
"4","Election.java","0","24","0","2","0","3","0","20","0","2","1"
"4","Environment.java","0","90","0","90","0","90","0","2","0","2","0"
"4","ErrorCodes.java","0","27","0","27","0","27","0","2","0","2","0"
"4","FastLeaderElection.java","0","589","0","25","0","56","0","46","0","24","1"
"4","FatJarMain.java","0","114","0","114","0","114","0","2","0","0","0"
"4","FileSnap.java","0","168","0","24","0","26","0","14","0","24","1"
"4","FileTxnLog.java","1","449","9","74","18","77","2","12","2","22","1"
"4","FileTxnSnapLog.java","1","250","1","31","2","32","2","16","2","18","1"
"4","FinalRequestProcessor.java","1","244","3","13","4","32","2","54","2","18","1"
"4","Follower.java","1","368","5","20","18","79","2","52","2","14","1"
"4","FollowerBean.java","0","45","0","2","0","6","0","16","0","2","0"
"4","FollowerHandler.java","1","369","3","20","14","51","2","51","2","12","1"
"4","FollowerMXBean.java","0","37","0","1","0","5","0","16","0","2","0"
"4","FollowerRequestProcessor.java","0","96","0","7","0","8","0","38","0","8","0"
"4","FollowerSessionTracker.java","0","77","0","10","0","12","0","21","0","0","1"
"4","FollowerSyncRequest.java","0","31","0","16","0","16","0","4","0","4","0"
"4","FollowerZooKeeperServer.java","0","221","0","10","0","13","0","55","0","18","0"
"4","HostAuthenticationProvider.java","0","63","0","8","0","10","0","21","0","2","0"
"4","Index.java","0","36","0","6","0","6","0","17","0","0","0"
"4","InputArchive.java","0","41","0","7","0","7","0","17","0","0","0"
"4","IPAuthenticationProvider.java","0","106","0","14","0","16","0","21","0","2","0"
"4","JavaGenerator.java","0","56","0","8","0","9","0","19","0","0","0"
"4","JBoolean.java","0","39","0","5","0","6","0","20","0","0","0"
"4","JBuffer.java","0","97","0","17","0","17","0","17","0","0","0"
"4","JByte.java","0","32","0","5","0","5","0","17","0","0","0"
"4","JCompType.java","0","50","0","8","0","8","0","17","0","0","0"
"4","JDouble.java","0","37","0","6","0","6","0","17","0","0","0"
"4","JField.java","0","90","0","15","0","16","0","17","0","0","0"
"4","JFile.java","0","68","0","10","0","11","0","19","0","0","0"
"4","JFloat.java","0","36","0","6","0","6","0","17","0","0","0"
"4","JInt.java","0","32","0","5","0","5","0","17","0","0","0"
"4","JLong.java","0","36","0","6","0","6","0","17","0","0","0"
"4","JMap.java","0","91","0","16","0","16","0","17","0","0","0"
"4","JRecord.java","0","458","0","54","0","56","0","25","0","0","0"
"4","JString.java","0","43","0","7","0","7","0","17","0","0","0"
"4","JType.java","0","128","0","22","0","22","0","17","0","0","0"
"4","JVector.java","0","96","0","15","0","15","0","19","0","0","0"
"4","KeeperException.java","0","560","0","46","0","66","0","27","0","6","1"
"4","Leader.java","1","584","9","34","55","47","2","48","2","16","0"
"4","LeaderBean.java","0","48","0","6","0","7","0","16","0","2","0"
"4","LeaderElection.java","0","174","0","14","0","35","0","37","0","8","1"
"4","LeaderElectionBean.java","0","38","0","4","0","6","0","16","0","2","0"
"4","LeaderElectionMXBean.java","0","28","0","3","0","4","0","16","0","2","0"
"4","LeaderMXBean.java","0","33","0","4","0","5","0","16","0","2","0"
"4","LeaderZooKeeperServer.java","0","139","0","9","0","11","0","38","0","12","1"
"4","LedgerDescriptor.java","0","139","0","139","0","139","0","2","0","2","1"
"4","LedgerEntry.java","0","57","0","57","0","57","0","2","0","2","1"
"4","LedgerHandle.java","0","315","0","315","0","315","0","2","0","2","1"
"4","LedgerRecoveryMonitor.java","0","192","0","192","0","192","0","2","0","2","0"
"4","LedgerSequence.java","0","59","0","59","0","59","0","2","0","2","0"
"4","LedgerStream.java","0","94","0","94","0","94","0","2","0","2","0"
"4","LocalBookKeeper.java","0","148","0","148","0","148","0","2","0","2","1"
"4","LocalPeerBean.java","0","62","0","12","0","13","0","18","0","4","0"
"4","LocalPeerMXBean.java","0","58","0","11","0","12","0","16","0","2","0"
"4","LogFormatter.java","0","65","0","8","0","9","0","23","0","4","1"
"4","Main.java","0","50","0","50","0","50","0","2","0","2","1"
"4","ManagedUtil.java","0","65","0","32","0","33","0","4","0","4","0"
"4","MBeanRegistry.java","0","175","0","17","0","20","0","20","0","6","0"
"4","MySqlClient.java","0","124","0","124","0","124","0","2","0","2","0"
"4","NIOServerCnxn.java","1","876","13","38","14","93","2","65","2","34","1"
"4","NIOServerFactory.java","0","479","0","479","0","479","0","2","0","2","1"
"4","OutputArchive.java","0","44","0","7","0","7","0","19","0","0","0"
"4","ParseException.java","0","189","0","33","0","33","0","17","0","0","0"
"4","PathTrie.java","0","252","0","252","0","252","0","2","0","2","1"
"4","PrepRequestProcessor.java","1","434","4","19","4","45","2","66","2","24","1"
"4","Profiler.java","0","36","0","3","0","9","0","24","0","2","0"
"4","ProposalRequestProcessor.java","0","68","0","6","0","9","0","32","0","6","0"
"4","ProviderRegistry.java","0","71","0","6","0","17","0","24","0","2","1"
"4","PurgeTxnLog.java","0","119","0","11","0","31","0","27","0","6","0"
"4","QuorumBean.java","0","40","0","5","0","6","0","16","0","2","0"
"4","QuorumCnxManager.java","0","526","0","29","0","79","0","36","0","8","1"
"4","QuorumEngine.java","0","239","0","239","0","239","0","2","0","2","0"
"4","QuorumMXBean.java","0","31","0","3","0","4","0","16","0","2","0"
"4","QuorumOpMonitor.java","0","447","0","447","0","447","0","2","0","2","0"
"4","QuorumPeer.java","0","585","0","23","0","92","0","69","0","26","1"
"4","QuorumPeerConfig.java","2","198","-1","8","4","41","6","44","10","20","1"
"4","QuorumPeerMain.java","0","111","0","22","0","24","0","10","0","12","1"
"4","QuorumStats.java","0","61","0","5","0","10","0","22","0","2","1"
"4","Quotas.java","0","62","0","62","0","62","0","2","0","2","0"
"4","Rcc.java","0","473","0","74","0","76","0","19","0","0","0"
"4","RccConstants.java","0","80","0","14","0","14","0","17","0","0","0"
"4","RccTokenManager.java","0","750","0","132","0","132","0","17","0","0","0"
"4","ReadCallback.java","0","35","0","35","0","35","0","2","0","2","0"
"4","ReadEntryCallback.java","0","32","0","32","0","32","0","2","0","2","0"
"4","Record.java","0","30","0","5","0","5","0","17","0","0","0"
"4","RecordReader.java","0","89","0","15","0","15","0","17","0","0","0"
"4","RecordWriter.java","0","106","0","18","0","18","0","17","0","0","0"
"4","RemotePeerBean.java","0","41","0","5","0","6","0","16","0","2","0"
"4","RemotePeerMXBean.java","0","30","0","3","0","4","0","16","0","2","0"
"4","Request.java","0","178","0","14","0","16","0","34","0","6","1"
"4","RequestProcessor.java","0","34","0","5","0","6","0","17","0","0","0"
"4","SendAckRequestProcessor.java","1","54","5","5","7","7","2","30","2","4","1"
"4","SerializeUtils.java","1","102","8","51","17","56","2","4","2","4","0"
"4","ServerAdminClient.java","0","281","0","29","0","67","0","27","0","0","0"
"4","ServerBean.java","0","35","0","4","0","5","0","16","0","2","0"
"4","ServerCnxn.java","0","78","0","7","0","9","0","29","0","8","1"
"4","ServerConfig.java","1","73","13","5","16","12","2","26","4","8","0"
"4","ServerMXBean.java","0","30","0","3","0","4","0","16","0","2","0"
"4","ServerStats.java","0","119","0","18","0","21","0","26","0","10","1"
"4","SessionTracker.java","0","53","0","8","0","9","0","19","0","0","1"
"4","SessionTrackerImpl.java","0","197","0","14","0","17","0","39","0","4","1"
"4","SimpleCharStream.java","0","412","0","72","0","72","0","17","0","0","0"
"4","SnapShot.java","0","54","0","27","0","28","0","4","0","4","1"
"4","StatsTrack.java","0","91","0","91","0","91","0","2","0","2","0"
"4","SyncRequestProcessor.java","1","133","5","11","7","42","2","43","2","18","1"
"4","Token.java","0","90","0","15","0","16","0","17","0","0","0"
"4","TokenMgrError.java","0","136","0","24","0","24","0","17","0","0","0"
"4","TraceFormatter.java","0","108","0","16","0","18","0","19","0","2","0"
"4","TxnLog.java","1","104","1","52","2","53","2","4","2","4","1"
"4","UpgradeMain.java","0","163","0","163","0","163","0","2","0","0","0"
"4","UpgradeSnapShot.java","0","30","0","30","0","30","0","2","0","0","0"
"4","UpgradeSnapShotV1.java","0","295","0","98","0","99","0","6","0","6","0"
"4","Util.java","0","279","0","70","0","77","0","8","0","12","0"
"4","Utils.java","0","255","0","36","0","37","0","21","0","6","0"
"4","VerGen.java","0","116","0","9","0","18","0","26","0","4","0"
"4","Version.java","0","71","0","5","0","10","0","26","0","0","0"
"4","Vote.java","0","63","0","5","0","8","0","22","0","6","0"
"4","WatchedEvent.java","0","73","0","36","0","37","0","4","0","0","1"
"4","Watcher.java","0","113","0","11","0","14","0","25","0","6","0"
"4","WatchManager.java","0","100","0","9","0","11","0","31","0","2","0"
"4","WriteCallback.java","0","29","0","29","0","29","0","2","0","2","0"
"4","XmlInputArchive.java","0","226","0","39","0","40","0","17","0","0","0"
"4","XmlOutputArchive.java","0","227","0","35","0","36","0","19","0","0","0"
"4","ZKMBeanInfo.java","0","33","0","4","0","4","0","16","0","2","0"
"4","ZooDefs.java","0","101","0","11","0","12","0","26","0","2","1"
"4","ZooKeeper.java","0","1062","0","33","0","82","0","87","0","42","1"
"4","ZooKeeperMain.java","0","455","0","65","0","68","0","14","0","10","1"
"4","ZooKeeperServer.java","1","602","2","24","3","132","4","76","6","30","1"
"4","ZooKeeperServerBean.java","0","103","0","10","0","14","0","20","0","8","0"
"4","ZooKeeperServerMain.java","1","90","3","12","5","15","4","14","8","20","0"
"4","ZooKeeperServerMXBean.java","0","74","0","9","0","10","0","16","0","2","0"
"4","ZooTrace.java","0","83","0","8","0","17","0","20","0","2","0"
"5","AckRequestProcessor.java","2","48","4","6","5","7","4","21","4","4","0"
"5","AsyncCallback.java","2","47","36","12","37","13","4","23","4","4","1"
"5","AuthenticationProvider.java","0","74","0","11","0","12","0","19","0","2","0"
"5","AuthFastLeaderElection.java","2","862","19","39","64","160","6","44","6","12","1"
"5","BinaryInputArchive.java","2","118","-1","15","1","15","4","23","6","6","0"
"5","BinaryOutputArchive.java","1","132","-3","15","3","17","2","23","2","2","0"
"5","BKDefs.java","2","97","49","49","49","49","4","4","4","4","0"
"5","BKException.java","1","147","15","49","15","49","4","6","4","6","1"
"5","Bookie.java","2","326","3","54","7","57","10","12","14","16","0"
"5","BookieClient.java","3","397","22","79","45","97","8","10","10","12","1"
"5","BookieException.java","1","73","73","73","73","73","2","2","2","2","0"
"5","BookieHandle.java","3","334","22","55","46","75","10","12","12","14","1"
"5","BookieProtocol.java","1","69","6","34","7","35","2","4","2","4","1"
"5","BookieServer.java","2","180","6","45","7","46","6","8","6","8","0"
"5","BookKeeper.java","3","555","-13","79","45","129","12","14","12","14","1"
"5","ByteBufferInputStream.java","0","65","0","11","0","12","0","17","0","0","0"
"5","CGenerator.java","1","82","3","10","14","11","2","24","2","2","0"
"5","ClientBase.java","2","309","3","33","13","41","16","20","16","20","1"
"5","ClientCBWorker.java","3","125","4","20","9","24","10","12","12","14","0"
"5","ClientCnxn.java","2","1027","11","31","17","74","12","89","12","52","1"
"5","ClientWatchManager.java","0","36","0","11","0","13","0","6","0","4","0"
"5","CommitProcessor.java","1","169","-1","11","2","27","2","44","2","14","1"
"5","CommonNames.java","0","27","0","3","0","4","0","16","0","2","0"
"5","ConnectionBean.java","0","109","0","9","0","12","0","22","0","8","1"
"5","ConnectionMXBean.java","0","62","0","7","0","8","0","16","0","2","1"
"5","CppGenerator.java","1","78","3","10","14","12","2","21","2","2","0"
"5","CreateMode.java","0","81","0","81","0","81","0","2","0","0","0"
"5","CsvInputArchive.java","1","188","-2","29","2","30","2","19","2","2","0"
"5","CsvOutputArchive.java","1","135","-1","17","3","18","2","23","2","4","0"
"5","DataNode.java","2","120","0","7","6","11","6","43","4","18","0"
"5","DataNodeV1.java","0","117","0","117","0","117","0","2","0","0","0"
"5","DataTree.java","2","1001","8","30","20","36","10","80","10","34","0"
"5","DataTreeBean.java","0","63","0","6","0","11","0","20","0","4","0"
"5","DataTreeMXBean.java","0","43","0","5","0","7","0","16","0","2","0"
"5","DataTreeV1.java","0","525","0","175","0","179","0","6","0","4","0"
"5","DigestAuthenticationProvider.java","1","125","9","13","14","31","2","27","4","6","0"
"5","Election.java","0","24","0","2","0","3","0","20","0","2","1"
"5","Environment.java","1","90","0","45","1","45","2","4","2","4","0"
"5","FastLeaderElection.java","2","623","5","21","26","50","12","58","16","40","1"
"5","FatJarMain.java","0","114","0","114","0","114","0","2","0","0","0"
"5","FileSnap.java","1","213","45","26","66","31","2","16","4","28","1"
"5","FileTxnLog.java","2","454","2","50","79","77","6","18","4","26","1"
"5","FileTxnSnapLog.java","2","259","2","21","8","24","8","24","6","24","1"
"5","FinalRequestProcessor.java","2","258","2","11","5","27","12","66","12","30","1"
"5","Follower.java","2","387","4","18","7","70","8","60","10","24","1"
"5","FollowerBean.java","0","45","0","2","0","6","0","16","0","2","0"
"5","FollowerHandler.java","2","404","4","17","8","42","14","65","14","26","1"
"5","FollowerMXBean.java","0","37","0","1","0","5","0","16","0","2","0"
"5","FollowerRequestProcessor.java","2","99","1","6","2","7","6","44","6","14","0"
"5","FollowerSessionTracker.java","1","81","4","10","5","11","2","23","4","4","0"
"5","FollowerSyncRequest.java","0","31","0","16","0","16","0","4","0","4","0"
"5","FollowerZooKeeperServer.java","1","224","1","10","1","12","4","59","4","22","0"
"5","Index.java","1","35","-1","5","0","5","2","19","2","2","0"
"5","InputArchive.java","1","39","-2","6","0","6","2","19","2","2","0"
"5","IPAuthenticationProvider.java","0","106","0","14","0","16","0","21","0","2","0"
"5","JavaGenerator.java","1","52","-4","7","7","8","2","21","2","2","0"
"5","JAXBContextResolver.java","1","65","65","65","65","65","2","2","2","2","0"
"5","JBoolean.java","1","38","-1","5","0","5","2","22","2","2","0"
"5","JBuffer.java","1","96","-1","15","1","16","2","19","2","2","0"
"5","JByte.java","1","31","-1","4","0","5","2","19","2","2","0"
"5","JCompType.java","1","48","-2","7","0","8","2","19","2","2","0"
"5","JDouble.java","1","36","-1","5","0","5","2","19","2","2","0"
"5","JField.java","1","89","-1","14","0","14","2","19","2","2","0"
"5","JFile.java","1","72","5","10","14","11","2","21","2","2","0"
"5","JFloat.java","1","36","-1","5","0","5","2","19","2","2","0"
"5","JInt.java","1","31","-1","4","0","5","2","19","2","2","0"
"5","JLineZNodeCompletor.java","1","76","76","76","76","76","2","2","2","2","0"
"5","JLong.java","1","35","-1","5","0","5","2","19","2","2","0"
"5","JMap.java","1","93","2","14","4","15","2","19","2","2","0"
"5","JRecord.java","1","467","9","51","57","56","2","27","2","2","0"
"5","JString.java","1","42","-1","6","0","6","2","19","2","2","0"
"5","JType.java","1","127","-1","20","0","20","2","19","2","2","0"
"5","JVector.java","1","96","0","13","2","14","2","21","2","2","0"
"5","KeeperException.java","1","577","5","38","13","56","6","33","10","16","1"
"5","KeeperExceptionMapper.java","1","78","78","78","78","78","2","2","2","2","0"
"5","Leader.java","2","605","11","33","22","45","4","52","4","20","1"
"5","LeaderBean.java","0","48","0","6","0","7","0","16","0","2","0"
"5","LeaderElection.java","2","207","11","13","34","35","6","43","8","16","1"
"5","LeaderElectionBean.java","0","38","0","4","0","6","0","16","0","2","0"
"5","LeaderElectionMXBean.java","0","28","0","3","0","4","0","16","0","2","0"
"5","LeaderMXBean.java","0","33","0","4","0","5","0","16","0","2","0"
"5","LeaderZooKeeperServer.java","2","154","2","7","4","9","12","50","12","24","1"
"5","LedgerDescriptor.java","1","149","5","49","5","50","4","6","6","8","1"
"5","LedgerEntry.java","1","53","-5","26","0","28","2","4","2","4","1"
"5","LedgerHandle.java","4","760","63","95","75","105","14","16","18","20","1"
"5","LedgerInputStream.java","1","148","148","148","148","148","2","2","2","2","1"
"5","LedgerManagementProcessor.java","2","1145","572","572","579","579","4","4","4","4","0"
"5","LedgerOutputStream.java","2","134","67","67","67","67","4","4","4","4","1"
"5","LedgerRecoveryMonitor.java","4","221","4","31","7","34","12","14","18","20","0"
"5","LedgerSequence.java","0","59","0","59","0","59","0","2","0","2","0"
"5","LocalBookKeeper.java","1","148","0","74","9","78","2","4","4","6","0"
"5","LocalPeerBean.java","0","62","0","12","0","13","0","18","0","4","0"
"5","LocalPeerMXBean.java","0","58","0","11","0","12","0","16","0","2","0"
"5","LockListener.java","1","35","35","35","35","35","2","2","2","2","0"
"5","LogFormatter.java","0","65","0","8","0","9","0","23","0","4","1"
"5","Main.java","0","50","0","50","0","50","0","2","0","2","1"
"5","ManagedUtil.java","0","65","0","32","0","33","0","4","0","4","0"
"5","MBeanRegistry.java","0","175","0","17","0","20","0","20","0","6","0"
"5","MySqlClient.java","0","124","0","124","0","124","0","2","0","2","0"
"5","NIOServerCnxn.java","2","945","9","33","15","79","14","79","20","54","1"
"5","NIOServerFactory.java","2","475","-3","158","0","159","4","6","6","8","1"
"5","OutputArchive.java","1","43","-1","6","0","6","2","21","2","2","0"
"5","ParseException.java","0","189","0","33","0","33","0","17","0","0","0"
"5","PathTrie.java","0","252","0","252","0","252","0","2","0","2","1"
"5","PathUtils.java","1","93","93","93","93","93","2","2","0","0","0"
"5","PrepRequestProcessor.java","2","456","2","15","6","37","18","84","24","48","1"
"5","Profiler.java","0","36","0","3","0","9","0","24","0","2","0"
"5","ProposalRequestProcessor.java","2","74","1","5","3","8","10","42","8","14","0"
"5","ProtocolSupport.java","1","173","173","173","173","173","2","2","2","2","0"
"5","ProviderRegistry.java","1","69","-2","5","0","16","2","26","4","6","0"
"5","PurgeTxnLog.java","0","119","0","11","0","31","0","27","0","6","0"
"5","QuorumBean.java","0","40","0","5","0","6","0","16","0","2","0"
"5","QuorumCnxManager.java","2","519","-1","20","14","59","16","52","22","30","1"
"5","QuorumEngine.java","3","270","6","44","22","58","10","12","10","12","0"
"5","QuorumHierarchical.java","1","225","225","225","225","225","2","2","2","2","1"
"5","QuorumMaj.java","1","42","42","42","42","42","2","2","2","2","1"
"5","QuorumMXBean.java","0","31","0","3","0","4","0","16","0","2","0"
"5","QuorumOpMonitor.java","3","425","-5","70","29","99","10","12","10","12","0"
"5","QuorumPeer.java","2","640","7","20","9","77","16","85","14","40","1"
"5","QuorumPeerConfig.java","2","252","10","9","27","39","10","54","10","30","1"
"5","QuorumPeerMain.java","2","134","5","15","26","25","8","18","8","20","1"
"5","QuorumStats.java","0","61","0","5","0","10","0","22","0","2","1"
"5","QuorumVerifier.java","1","29","29","29","29","29","2","2","2","2","1"
"5","Quotas.java","0","62","0","62","0","62","0","2","0","2","0"
"5","Rcc.java","0","473","0","74","0","76","0","19","0","0","0"
"5","RccConstants.java","0","80","0","14","0","14","0","17","0","0","0"
"5","RccTokenManager.java","0","750","0","132","0","132","0","17","0","0","0"
"5","ReadEntryCallback.java","0","32","0","32","0","32","0","2","0","2","0"
"5","Record.java","1","29","-1","4","0","4","2","19","2","2","0"
"5","RecordReader.java","1","84","-5","13","0","14","2","19","2","2","0"
"5","RecordWriter.java","1","102","-4","16","1","16","2","19","2","2","0"
"5","RemotePeerBean.java","0","41","0","5","0","6","0","16","0","2","0"
"5","RemotePeerMXBean.java","0","30","0","3","0","4","0","16","0","2","0"
"5","Request.java","1","197","19","15","19","16","2","36","4","10","1"
"5","RequestProcessor.java","0","34","0","5","0","6","0","17","0","0","0"
"5","RestMain.java","1","71","71","71","71","71","2","2","2","2","0"
"5","RuntimeExceptionMapper.java","1","44","44","44","44","44","2","2","2","2","0"
"5","SendAckRequestProcessor.java","0","54","0","5","0","7","0","30","0","4","1"
"5","SerializeUtils.java","2","97","-3","24","7","31","4","8","6","10","0"
"5","ServerAdminClient.java","0","281","0","29","0","67","0","27","0","0","0"
"5","ServerBean.java","0","35","0","4","0","5","0","16","0","2","0"
"5","ServerCnxn.java","1","76","-2","7","0","8","2","31","4","12","1"
"5","ServerConfig.java","2","85","4","5","22","14","6","32","6","14","0"
"5","ServerMXBean.java","0","30","0","3","0","4","0","16","0","2","0"
"5","ServerStats.java","0","119","0","18","0","21","0","26","0","10","1"
"5","SessionTracker.java","1","56","4","7","5","8","2","21","4","4","1"
"5","SessionTrackerImpl.java","3","218","4","12","9","16","10","49","14","18","1"
"5","SimpleCharStream.java","0","412","0","72","0","72","0","17","0","0","0"
"5","SnapShot.java","0","54","0","27","0","28","0","4","0","4","1"
"5","StatsTrack.java","0","91","0","91","0","91","0","2","0","2","0"
"5","SyncRequestProcessor.java","2","145","3","9","5","36","8","51","6","24","1"
"5","Token.java","0","90","0","15","0","16","0","17","0","0","0"
"5","TokenMgrError.java","0","136","0","24","0","24","0","17","0","0","0"
"5","TraceFormatter.java","0","108","0","16","0","18","0","19","0","2","0"
"5","TxnLog.java","0","104","0","52","0","53","0","4","0","4","1"
"5","UpgradeMain.java","1","162","-1","81","0","81","2","4","2","2","0"
"5","UpgradeSnapShot.java","0","30","0","30","0","30","0","2","0","0","0"
"5","UpgradeSnapShotV1.java","1","300","6","75","18","79","2","8","2","8","0"
"5","Util.java","2","293","4","42","11","49","6","14","4","16","0"
"5","Utils.java","1","254","-1","33","0","34","2","23","2","8","0"
"5","VerGen.java","0","116","0","9","0","18","0","26","0","4","0"
"5","Version.java","0","71","0","5","0","10","0","26","0","0","0"
"5","Vote.java","0","63","0","5","0","8","0","22","0","6","0"
"5","WatchedEvent.java","0","73","0","36","0","37","0","4","0","0","1"
"5","Watcher.java","0","113","0","11","0","14","0","25","0","6","0"
"5","WatchManager.java","1","102","2","8","5","10","2","33","2","4","0"
"5","WriteCallback.java","0","29","0","29","0","29","0","2","0","2","0"
"5","WriteLock.java","1","265","266","266","266","266","2","2","2","2","0"
"5","XmlInputArchive.java","1","226","0","35","13","37","2","19","2","2","0"
"5","XmlOutputArchive.java","1","226","-1","32","9","33","2","21","2","2","0"
"5","ZChildren.java","1","72","72","72","72","72","2","2","2","2","0"
"5","ZChildrenJSON.java","1","69","69","69","69","69","2","2","2","2","0"
"5","ZError.java","1","37","37","37","37","37","2","2","2","2","0"
"5","ZErrorWriter.java","1","57","57","57","57","57","2","2","2","2","0"
"5","ZKMBeanInfo.java","0","33","0","4","0","4","0","16","0","2","0"
"5","ZNodeName.java","1","99","99","99","99","99","2","2","2","2","0"
"5","ZNodeResource.java","1","338","338","338","338","338","2","2","2","2","0"
"5","ZooDefs.java","1","101","0","10","2","12","2","28","4","6","0"
"5","ZooKeeper.java","2","1143","13","31","51","79","12","99","16","58","1"
"5","ZooKeeperMain.java","2","747","24","39","41","51","24","38","24","34","1"
"5","ZooKeeperOperation.java","1","35","35","35","35","35","2","2","2","2","0"
"5","ZooKeeperServer.java","2","610","2","22","5","120","8","84","10","40","1"
"5","ZooKeeperServerBean.java","0","103","0","10","0","14","0","20","0","8","0"
"5","ZooKeeperServerMain.java","2","112","5","10","16","15","8","22","8","28","0"
"5","ZooKeeperServerMXBean.java","0","74","0","9","0","10","0","16","0","2","0"
"5","ZooKeeperService.java","1","99","99","99","99","99","2","2","2","2","0"
"5","ZooTrace.java","0","83","0","8","0","17","0","20","0","2","0"
"5","ZPath.java","1","57","57","57","57","57","2","2","2","2","0"
"5","ZStat.java","1","96","96","96","96","96","2","2","2","2","0"
"6","AckRequestProcessor.java","0","48","0","6","0","7","0","21","0","4","0"
"6","AsyncCallback.java","0","47","0","12","0","13","0","23","0","4","1"
"6","AuthenticationProvider.java","0","74","0","11","0","12","0","19","0","2","0"
"6","AuthFastLeaderElection.java","0","862","0","39","0","160","0","44","0","12","1"
"6","BinaryInputArchive.java","0","118","0","15","0","15","0","23","0","6","0"
"6","BinaryOutputArchive.java","0","132","0","15","0","17","0","23","0","2","0"
"6","BKDefs.java","0","97","0","49","0","49","0","4","0","4","0"
"6","BKException.java","0","147","0","49","0","49","0","6","0","6","1"
"6","Bookie.java","0","326","0","54","0","57","0","12","0","16","0"
"6","BookieClient.java","0","397","0","79","0","97","0","10","0","12","1"
"6","BookieException.java","0","73","0","73","0","73","0","2","0","2","0"
"6","BookieHandle.java","1","334","0","47","1","65","2","14","4","18","0"
"6","BookieProtocol.java","0","69","0","34","0","35","0","4","0","4","1"
"6","BookieServer.java","0","180","0","45","0","46","0","8","0","8","0"
"6","BookKeeper.java","0","555","0","79","0","129","0","14","0","14","1"
"6","ByteBufferInputStream.java","0","65","0","11","0","12","0","17","0","0","0"
"6","CGenerator.java","0","82","0","10","0","11","0","24","0","2","0"
"6","ClientBase.java","1","309","17","30","24","38","4","24","6","26","1"
"6","ClientCBWorker.java","0","125","0","20","0","24","0","12","0","14","0"
"6","ClientCnxn.java","1","1029","2","30","25","73","2","91","2","54","1"
"6","ClientWatchManager.java","0","36","0","11","0","13","0","6","0","4","0"
"6","CommitProcessor.java","0","169","0","11","0","27","0","44","0","14","1"
"6","CommonNames.java","0","27","0","3","0","4","0","16","0","2","0"
"6","ConnectionBean.java","0","109","0","9","0","12","0","22","0","8","1"
"6","ConnectionMXBean.java","0","62","0","7","0","8","0","16","0","2","1"
"6","CppGenerator.java","0","78","0","10","0","12","0","21","0","2","0"
"6","CreateMode.java","0","81","0","81","0","81","0","2","0","0","0"
"6","CsvInputArchive.java","0","188","0","29","0","30","0","19","0","2","0"
"6","CsvOutputArchive.java","0","135","0","17","0","18","0","23","0","4","0"
"6","DataNode.java","0","120","0","7","0","11","0","43","0","18","0"
"6","DataNodeV1.java","0","117","0","117","0","117","0","2","0","0","0"
"6","DataTree.java","0","1001","0","30","0","36","0","80","0","34","0"
"6","DataTreeBean.java","0","63","0","6","0","11","0","20","0","4","0"
"6","DataTreeMXBean.java","0","43","0","5","0","7","0","16","0","2","0"
"6","DataTreeV1.java","0","525","0","175","0","179","0","6","0","4","0"
"6","DigestAuthenticationProvider.java","0","125","0","13","0","31","0","27","0","6","0"
"6","Election.java","0","24","0","2","0","3","0","20","0","2","1"
"6","Environment.java","0","90","0","45","0","45","0","4","0","4","0"
"6","FastLeaderElection.java","1","670","15","20","25","47","6","64","18","58","1"
"6","FatJarMain.java","0","114","0","114","0","114","0","2","0","0","0"
"6","FileSnap.java","0","213","0","26","0","31","0","16","0","28","1"
"6","FileTxnLog.java","1","494","39","49","45","74","2","20","4","30","1"
"6","FileTxnSnapLog.java","0","259","0","21","0","24","0","24","0","24","1"
"6","FinalRequestProcessor.java","0","258","0","11","0","27","0","66","0","30","1"
"6","Follower.java","1","387","0","17","1","67","2","62","4","28","1"
"6","FollowerBean.java","0","45","0","2","0","6","0","16","0","2","0"
"6","FollowerHandler.java","1","423","10","16","18","41","4","69","10","36","0"
"6","FollowerMXBean.java","0","37","0","1","0","5","0","16","0","2","0"
"6","FollowerRequestProcessor.java","0","99","0","6","0","7","0","44","0","14","0"
"6","FollowerSessionTracker.java","0","81","0","10","0","11","0","23","0","4","0"
"6","FollowerSyncRequest.java","0","31","0","16","0","16","0","4","0","4","0"
"6","FollowerZooKeeperServer.java","0","224","0","10","0","12","0","59","0","22","0"
"6","Index.java","0","35","0","5","0","5","0","19","0","2","0"
"6","InputArchive.java","0","39","0","6","0","6","0","19","0","2","0"
"6","IPAuthenticationProvider.java","0","106","0","14","0","16","0","21","0","2","0"
"6","JavaGenerator.java","0","52","0","7","0","8","0","21","0","2","0"
"6","JAXBContextResolver.java","0","65","0","65","0","65","0","2","0","2","0"
"6","JBoolean.java","0","38","0","5","0","5","0","22","0","2","0"
"6","JBuffer.java","0","96","0","15","0","16","0","19","0","2","0"
"6","JByte.java","0","31","0","4","0","5","0","19","0","2","0"
"6","JCompType.java","0","48","0","7","0","8","0","19","0","2","0"
"6","JDouble.java","0","36","0","5","0","5","0","19","0","2","0"
"6","JField.java","0","89","0","14","0","14","0","19","0","2","0"
"6","JFile.java","0","72","0","10","0","11","0","21","0","2","0"
"6","JFloat.java","0","36","0","5","0","5","0","19","0","2","0"
"6","JInt.java","0","31","0","4","0","5","0","19","0","2","0"
"6","JLineZNodeCompletor.java","0","76","0","76","0","76","0","2","0","2","0"
"6","JLong.java","0","35","0","5","0","5","0","19","0","2","0"
"6","JMap.java","0","93","0","14","0","15","0","19","0","2","0"
"6","JRecord.java","0","467","0","51","0","56","0","27","0","2","0"
"6","JString.java","0","42","0","6","0","6","0","19","0","2","0"
"6","JType.java","0","127","0","20","0","20","0","19","0","2","0"
"6","JVector.java","0","96","0","13","0","14","0","21","0","2","0"
"6","KeeperException.java","0","577","0","38","0","56","0","33","0","16","1"
"6","KeeperExceptionMapper.java","0","78","0","78","0","78","0","2","0","2","0"
"6","Leader.java","2","604","-1","30","2","42","4","56","4","24","1"
"6","LeaderBean.java","0","48","0","6","0","7","0","16","0","2","0"
"6","LeaderElection.java","0","207","0","13","0","35","0","43","0","16","1"
"6","LeaderElectionBean.java","0","38","0","4","0","6","0","16","0","2","0"
"6","LeaderElectionMXBean.java","0","28","0","3","0","4","0","16","0","2","0"
"6","LeaderMXBean.java","0","33","0","4","0","5","0","16","0","2","0"
"6","LeaderZooKeeperServer.java","1","153","-2","7","3","9","2","52","6","30","0"
"6","LedgerDescriptor.java","0","149","0","49","0","50","0","6","0","8","1"
"6","LedgerEntry.java","0","53","0","26","0","28","0","4","0","4","1"
"6","LedgerHandle.java","0","760","0","95","0","105","0","16","0","20","1"
"6","LedgerInputStream.java","0","148","0","148","0","148","0","2","0","2","1"
"6","LedgerManagementProcessor.java","0","1145","0","572","0","579","0","4","0","4","0"
"6","LedgerOutputStream.java","0","134","0","67","0","67","0","4","0","4","1"
"6","LedgerRecoveryMonitor.java","0","221","0","31","0","34","0","14","0","20","0"
"6","LedgerSequence.java","0","59","0","59","0","59","0","2","0","2","0"
"6","LocalBookKeeper.java","0","148","0","74","0","78","0","4","0","6","0"
"6","LocalPeerBean.java","0","62","0","12","0","13","0","18","0","4","0"
"6","LocalPeerMXBean.java","0","58","0","11","0","12","0","16","0","2","0"
"6","LockListener.java","0","35","0","35","0","35","0","2","0","2","0"
"6","LogFormatter.java","0","65","0","8","0","9","0","23","0","4","1"
"6","Main.java","0","50","0","50","0","50","0","2","0","2","1"
"6","ManagedUtil.java","0","65","0","32","0","33","0","4","0","4","0"
"6","MBeanRegistry.java","0","175","0","17","0","20","0","20","0","6","0"
"6","MySqlClient.java","0","124","0","124","0","124","0","2","0","2","0"
"6","NIOServerCnxn.java","1","943","-1","31","11","76","4","83","8","62","1"
"6","NIOServerFactory.java","0","475","0","158","0","159","0","6","0","8","1"
"6","OutputArchive.java","0","43","0","6","0","6","0","21","0","2","0"
"6","ParseException.java","0","189","0","33","0","33","0","17","0","0","0"
"6","PathTrie.java","1","255","3","127","3","127","2","4","6","8","0"
"6","PathUtils.java","0","93","0","93","0","93","0","2","0","0","0"
"6","PrepRequestProcessor.java","1","456","0","15","1","36","2","86","6","54","1"
"6","Profiler.java","0","36","0","3","0","9","0","24","0","2","0"
"6","ProposalRequestProcessor.java","0","74","0","5","0","8","0","42","0","14","0"
"6","ProtocolSupport.java","0","173","0","173","0","173","0","2","0","2","0"
"6","ProviderRegistry.java","0","69","0","5","0","16","0","26","0","6","0"
"6","PurgeTxnLog.java","0","119","0","11","0","31","0","27","0","6","0"
"6","QuorumBean.java","0","40","0","5","0","6","0","16","0","2","0"
"6","QuorumCnxManager.java","1","566","11","18","35","56","8","60","22","52","1"
"6","QuorumEngine.java","0","270","0","44","0","58","0","12","0","12","0"
"6","QuorumHierarchical.java","1","245","10","81","19","87","4","6","10","12","0"
"6","QuorumMaj.java","1","52","10","26","10","26","2","4","4","6","0"
"6","QuorumMXBean.java","0","31","0","3","0","4","0","16","0","2","0"
"6","QuorumOpMonitor.java","0","425","0","70","0","99","0","12","0","12","0"
"6","QuorumPeer.java","0","640","0","20","0","77","0","85","0","40","1"
"6","QuorumPeerConfig.java","1","252","0","8","2","37","2","56","6","36","1"
"6","QuorumPeerMain.java","0","134","0","15","0","25","0","18","0","20","1"
"6","QuorumStats.java","0","61","0","5","0","10","0","22","0","2","1"
"6","QuorumVerifier.java","1","30","1","15","1","15","2","4","4","6","0"
"6","Quotas.java","0","62","0","62","0","62","0","2","0","2","0"
"6","Rcc.java","0","473","0","74","0","76","0","19","0","0","0"
"6","RccConstants.java","0","80","0","14","0","14","0","17","0","0","0"
"6","RccTokenManager.java","0","750","0","132","0","132","0","17","0","0","0"
"6","ReadEntryCallback.java","0","32","0","32","0","32","0","2","0","2","0"
"6","Record.java","0","29","0","4","0","4","0","19","0","2","0"
"6","RecordReader.java","0","84","0","13","0","14","0","19","0","2","0"
"6","RecordWriter.java","0","102","0","16","0","16","0","19","0","2","0"
"6","RemotePeerBean.java","0","41","0","5","0","6","0","16","0","2","0"
"6","RemotePeerMXBean.java","0","30","0","3","0","4","0","16","0","2","0"
"6","Request.java","0","197","0","15","0","16","0","36","0","10","1"
"6","RequestProcessor.java","0","34","0","5","0","6","0","17","0","0","0"
"6","RestMain.java","0","71","0","71","0","71","0","2","0","2","0"
"6","RuntimeExceptionMapper.java","0","44","0","44","0","44","0","2","0","2","0"
"6","SendAckRequestProcessor.java","2","72","6","5","14","8","6","36","10","14","0"
"6","SerializeUtils.java","0","97","0","24","0","31","0","8","0","10","0"
"6","ServerAdminClient.java","0","281","0","29","0","67","0","27","0","0","0"
"6","ServerBean.java","0","35","0","4","0","5","0","16","0","2","0"
"6","ServerCnxn.java","1","80","4","6","4","8","2","33","6","18","1"
"6","ServerConfig.java","0","85","0","5","0","14","0","32","0","14","0"
"6","ServerMXBean.java","0","30","0","3","0","4","0","16","0","2","0"
"6","ServerStats.java","0","119","0","18","0","21","0","26","0","10","1"
"6","SessionTracker.java","0","56","0","7","0","8","0","21","0","4","1"
"6","SessionTrackerImpl.java","0","218","0","12","0","16","0","49","0","18","1"
"6","SimpleCharStream.java","0","412","0","72","0","72","0","17","0","0","0"
"6","SnapShot.java","0","54","0","27","0","28","0","4","0","4","1"
"6","StatsTrack.java","0","91","0","91","0","91","0","2","0","2","0"
"6","SyncRequestProcessor.java","0","145","0","9","0","36","0","51","0","24","1"
"6","Token.java","0","90","0","15","0","16","0","17","0","0","0"
"6","TokenMgrError.java","0","136","0","24","0","24","0","17","0","0","0"
"6","TraceFormatter.java","0","108","0","16","0","18","0","19","0","2","0"
"6","TxnLog.java","0","104","0","52","0","53","0","4","0","4","1"
"6","UpgradeMain.java","0","162","0","81","0","81","0","4","0","2","0"
"6","UpgradeSnapShot.java","0","30","0","30","0","30","0","2","0","0","0"
"6","UpgradeSnapShotV1.java","0","300","0","75","0","79","0","8","0","8","0"
"6","Util.java","0","293","0","42","0","49","0","14","0","16","0"
"6","Utils.java","0","254","0","33","0","34","0","23","0","8","0"
"6","VerGen.java","0","116","0","9","0","18","0","26","0","4","0"
"6","Version.java","0","71","0","5","0","10","0","26","0","0","0"
"6","Vote.java","0","63","0","5","0","8","0","22","0","6","0"
"6","WatchedEvent.java","0","73","0","36","0","37","0","4","0","0","1"
"6","Watcher.java","0","113","0","11","0","14","0","25","0","6","0"
"6","WatchManager.java","0","102","0","8","0","10","0","33","0","4","0"
"6","WriteCallback.java","0","29","0","29","0","29","0","2","0","2","0"
"6","WriteLock.java","0","265","0","266","0","266","0","2","0","2","0"
"6","XmlInputArchive.java","0","226","0","35","0","37","0","19","0","2","0"
"6","XmlOutputArchive.java","0","226","0","32","0","33","0","21","0","2","0"
"6","ZChildren.java","0","72","0","72","0","72","0","2","0","2","0"
"6","ZChildrenJSON.java","0","69","0","69","0","69","0","2","0","2","0"
"6","ZError.java","0","37","0","37","0","37","0","2","0","2","0"
"6","ZErrorWriter.java","0","57","0","57","0","57","0","2","0","2","0"
"6","ZKMBeanInfo.java","0","33","0","4","0","4","0","16","0","2","0"
"6","ZNodeName.java","0","99","0","99","0","99","0","2","0","2","0"
"6","ZNodeResource.java","0","338","0","338","0","338","0","2","0","2","0"
"6","ZooDefs.java","0","101","0","10","0","12","0","28","0","6","0"
"6","ZooKeeper.java","1","1180","37","31","48","78","2","101","6","64","1"
"6","ZooKeeperMain.java","1","744","-2","35","12","47","4","42","10","44","0"
"6","ZooKeeperOperation.java","0","35","0","35","0","35","0","2","0","2","0"
"6","ZooKeeperServer.java","1","620","10","22","10","118","2","86","6","46","0"
"6","ZooKeeperServerBean.java","0","103","0","10","0","14","0","20","0","8","0"
"6","ZooKeeperServerMain.java","0","112","0","10","0","15","0","22","0","28","0"
"6","ZooKeeperServerMXBean.java","0","74","0","9","0","10","0","16","0","2","0"
"6","ZooKeeperService.java","0","99","0","99","0","99","0","2","0","2","0"
"6","ZooTrace.java","0","83","0","8","0","17","0","20","0","2","0"
"6","ZPath.java","0","57","0","57","0","57","0","2","0","2","0"
"6","ZStat.java","0","96","0","96","0","96","0","2","0","2","0"
"7","AckRequestProcessor.java","0","48","0","6","0","7","0","21","0","4","0"
"7","AsyncCallback.java","1","52","5","11","5","12","2","25","2","6","1"
"7","AuthenticationProvider.java","0","74","0","11","0","12","0","19","0","2","0"
"7","AuthFastLeaderElection.java","2","862","0","35","7","147","4","48","2","14","1"
"7","BinaryInputArchive.java","0","118","0","15","0","15","0","23","0","6","0"
"7","BinaryOutputArchive.java","0","132","0","15","0","17","0","23","0","2","0"
"7","BKDefs.java","0","97","0","49","0","49","0","4","0","4","0"
"7","BKException.java","0","147","0","49","0","49","0","6","0","6","1"
"7","Bookie.java","0","326","0","54","0","57","0","12","0","16","0"
"7","BookieClient.java","0","397","0","79","0","97","0","10","0","12","1"
"7","BookieException.java","0","73","0","73","0","73","0","2","0","2","0"
"7","BookieHandle.java","0","334","0","47","0","65","0","14","0","18","0"
"7","BookieProtocol.java","0","69","0","34","0","35","0","4","0","4","1"
"7","BookieServer.java","0","180","0","45","0","46","0","8","0","8","0"
"7","BookKeeper.java","0","555","0","79","0","129","0","14","0","14","1"
"7","ByteBufferInputStream.java","0","65","0","11","0","12","0","17","0","0","0"
"7","CGenerator.java","0","82","0","10","0","11","0","24","0","2","0"
"7","ClientBase.java","3","309","13","25","22","33","10","34","14","40","0"
"7","ClientCBWorker.java","0","125","0","20","0","24","0","12","0","14","0"
"7","ClientCnxn.java","4","1125","20","29","27","68","10","101","14","68","0"
"7","ClientWatchManager.java","0","36","0","11","0","13","0","6","0","4","0"
"7","CommitProcessor.java","1","171","2","10","2","26","2","46","4","18","0"
"7","CommonNames.java","0","27","0","3","0","4","0","16","0","2","0"
"7","ConnectionBean.java","1","144","17","11","23","14","4","26","6","14","1"
"7","ConnectionMXBean.java","1","89","27","9","27","10","2","18","2","4","0"
"7","CppGenerator.java","0","78","0","10","0","12","0","21","0","2","0"
"7","CreateMode.java","0","81","0","81","0","81","0","2","0","0","0"
"7","CsvInputArchive.java","0","188","0","29","0","30","0","19","0","2","0"
"7","CsvOutputArchive.java","0","135","0","17","0","18","0","23","0","4","0"
"7","DataNode.java","1","153","33","8","63","13","2","45","2","20","0"
"7","DataNodeV1.java","0","117","0","117","0","117","0","2","0","0","0"
"7","DataTree.java","2","1047","15","29","100","41","6","86","4","38","0"
"7","DataTreeBean.java","0","63","0","6","0","11","0","20","0","4","0"
"7","DataTreeMXBean.java","0","43","0","5","0","7","0","16","0","2","0"
"7","DataTreeV1.java","0","525","0","175","0","179","0","6","0","4","0"
"7","DigestAuthenticationProvider.java","0","125","0","13","0","31","0","27","0","6","0"
"7","DistributedQueue.java","1","281","281","281","281","281","2","2","2","2","0"
"7","Election.java","0","24","0","2","0","3","0","20","0","2","1"
"7","Environment.java","0","90","0","45","0","45","0","4","0","4","0"
"7","FastLeaderElection.java","1","670","0","20","1","46","2","66","2","60","1"
"7","FatJarMain.java","0","114","0","114","0","114","0","2","0","0","0"
"7","FileSnap.java","0","213","0","26","0","31","0","16","0","28","1"
"7","FileTxnLog.java","1","498","5","45","7","68","2","22","2","32","1"
"7","FileTxnSnapLog.java","1","260","1","20","3","22","2","26","2","26","1"
"7","FinalRequestProcessor.java","2","332","24","12","34","27","6","72","8","38","1"
"7","Follower.java","2","153","-78","9","22","63","6","68","6","34","1"
"7","FollowerBean.java","0","45","0","2","0","6","0","16","0","2","0"
"7","FollowerMXBean.java","0","37","0","1","0","5","0","16","0","2","0"
"7","FollowerRequestProcessor.java","0","99","0","6","0","7","0","44","0","14","0"
"7","FollowerZooKeeperServer.java","1","144","-79","7","16","12","2","61","2","24","0"
"7","Index.java","0","35","0","5","0","5","0","19","0","2","0"
"7","InputArchive.java","0","39","0","6","0","6","0","19","0","2","0"
"7","IPAuthenticationProvider.java","0","106","0","14","0","16","0","21","0","2","0"
"7","JavaGenerator.java","0","52","0","7","0","8","0","21","0","2","0"
"7","JAXBContextResolver.java","0","65","0","65","0","65","0","2","0","2","0"
"7","JBoolean.java","0","38","0","5","0","5","0","22","0","2","0"
"7","JBuffer.java","0","96","0","15","0","16","0","19","0","2","0"
"7","JByte.java","0","31","0","4","0","5","0","19","0","2","0"
"7","JCompType.java","0","48","0","7","0","8","0","19","0","2","0"
"7","JDouble.java","0","36","0","5","0","5","0","19","0","2","0"
"7","JField.java","0","89","0","14","0","14","0","19","0","2","0"
"7","JFile.java","0","72","0","10","0","11","0","21","0","2","0"
"7","JFloat.java","0","36","0","5","0","5","0","19","0","2","0"
"7","JInt.java","0","31","0","4","0","5","0","19","0","2","0"
"7","JLineZNodeCompletor.java","0","76","0","76","0","76","0","2","0","2","0"
"7","JLong.java","0","35","0","5","0","5","0","19","0","2","0"
"7","JMap.java","0","93","0","14","0","15","0","19","0","2","0"
"7","JRecord.java","0","467","0","51","0","56","0","27","0","2","0"
"7","JString.java","0","42","0","6","0","6","0","19","0","2","0"
"7","JType.java","0","127","0","20","0","20","0","19","0","2","0"
"7","JVector.java","0","96","0","13","0","14","0","21","0","2","0"
"7","KeeperException.java","1","577","19","37","19","54","2","35","4","20","0"
"7","KeeperExceptionMapper.java","0","78","0","78","0","78","0","2","0","2","0"
"7","Leader.java","2","644","14","29","31","41","6","62","4","28","1"
"7","LeaderBean.java","1","48","0","5","2","6","2","18","2","4","0"
"7","LeaderElection.java","1","228","20","14","28","35","2","45","2","18","1"
"7","LeaderElectionBean.java","0","38","0","4","0","6","0","16","0","2","0"
"7","LeaderElectionMXBean.java","0","28","0","3","0","4","0","16","0","2","0"
"7","LeaderMXBean.java","0","33","0","4","0","5","0","16","0","2","0"
"7","LeaderZooKeeperServer.java","0","153","0","7","0","9","0","52","0","30","0"
"7","Learner.java","1","338","338","338","338","338","2","2","2","2","1"
"7","LearnerHandler.java","3","445","5","5","12","12","8","8","10","10","1"
"7","LearnerSessionTracker.java","1","81","0","0","2","2","2","2","2","2","0"
"7","LearnerSyncRequest.java","1","31","0","0","3","3","2","2","2","2","0"
"7","LearnerZooKeeperServer.java","1","135","135","135","135","135","2","2","2","2","0"
"7","LedgerDescriptor.java","0","149","0","49","0","50","0","6","0","8","1"
"7","LedgerEntry.java","0","53","0","26","0","28","0","4","0","4","1"
"7","LedgerHandle.java","0","760","0","95","0","105","0","16","0","20","1"
"7","LedgerInputStream.java","0","148","0","148","0","148","0","2","0","2","1"
"7","LedgerManagementProcessor.java","0","1145","0","572","0","579","0","4","0","4","0"
"7","LedgerOutputStream.java","0","134","0","67","0","67","0","4","0","4","1"
"7","LedgerRecoveryMonitor.java","0","221","0","31","0","34","0","14","0","20","0"
"7","LedgerSequence.java","0","59","0","59","0","59","0","2","0","2","0"
"7","LocalBookKeeper.java","0","148","0","74","0","78","0","4","0","6","0"
"7","LocalPeerBean.java","0","62","0","12","0","13","0","18","0","4","0"
"7","LocalPeerMXBean.java","0","58","0","11","0","12","0","16","0","2","0"
"7","LockListener.java","0","35","0","35","0","35","0","2","0","2","0"
"7","LogFormatter.java","0","65","0","8","0","9","0","23","0","4","1"
"7","Main.java","0","50","0","50","0","50","0","2","0","2","1"
"7","ManagedUtil.java","0","65","0","32","0","33","0","4","0","4","0"
"7","MBeanRegistry.java","0","175","0","17","0","20","0","20","0","6","0"
"7","MySqlClient.java","0","124","0","124","0","124","0","2","0","2","0"
"7","NIOServerCnxn.java","3","1220","28","31","58","72","20","103","34","96","0"
"7","NIOServerFactory.java","0","475","0","158","0","159","0","6","0","8","1"
"7","Observer.java","1","132","133","133","133","133","2","2","2","2","1"
"7","ObserverBean.java","1","41","41","41","41","41","2","2","2","2","0"
"7","ObserverMXBean.java","1","34","34","34","34","34","2","2","2","2","0"
"7","ObserverRequestProcessor.java","1","111","111","111","111","111","2","2","2","2","0"
"7","ObserverZooKeeperServer.java","1","103","103","103","103","103","2","2","2","2","0"
"7","OutputArchive.java","0","43","0","6","0","6","0","21","0","2","0"
"7","ParseException.java","0","189","0","33","0","33","0","17","0","0","0"
"7","PathTrie.java","1","255","0","85","2","85","2","6","0","8","0"
"7","PathUtils.java","0","93","0","93","0","93","0","2","0","0","0"
"7","PrepRequestProcessor.java","2","459","1","13","8","34","8","94","12","66","0"
"7","Profiler.java","0","36","0","3","0","9","0","24","0","2","0"
"7","ProposalRequestProcessor.java","1","74","0","4","2","8","2","44","2","16","0"
"7","ProtocolSupport.java","0","173","0","173","0","173","0","2","0","2","0"
"7","ProviderRegistry.java","0","69","0","5","0","16","0","26","0","6","0"
"7","PurgeTxnLog.java","0","119","0","11","0","31","0","27","0","6","0"
"7","QuorumBean.java","0","40","0","5","0","6","0","16","0","2","0"
"7","QuorumCnxManager.java","3","587","5","17","14","51","8","68","8","60","1"
"7","QuorumEngine.java","0","270","0","44","0","58","0","12","0","12","0"
"7","QuorumHierarchical.java","0","245","0","81","0","87","0","6","0","12","0"
"7","QuorumMaj.java","0","52","0","26","0","26","0","4","0","6","0"
"7","QuorumMXBean.java","0","31","0","3","0","4","0","16","0","2","0"
"7","QuorumOpMonitor.java","0","425","0","70","0","99","0","12","0","12","0"
"7","QuorumPeer.java","2","786","36","21","42","74","8","93","10","50","1"
"7","QuorumPeerConfig.java","1","289","38","9","40","37","2","58","2","38","0"
"7","QuorumPeerMain.java","1","135","1","13","1","22","2","20","2","22","1"
"7","QuorumStats.java","1","62","1","5","3","9","2","24","2","4","0"
"7","QuorumVerifier.java","0","30","0","15","0","15","0","4","0","6","0"
"7","Quotas.java","0","62","0","62","0","62","0","2","0","2","0"
"7","Rcc.java","0","473","0","74","0","76","0","19","0","0","0"
"7","RccConstants.java","0","80","0","14","0","14","0","17","0","0","0"
"7","RccTokenManager.java","0","750","0","132","0","132","0","17","0","0","0"
"7","ReadEntryCallback.java","0","32","0","32","0","32","0","2","0","2","0"
"7","Record.java","0","29","0","4","0","4","0","19","0","2","0"
"7","RecordReader.java","0","84","0","13","0","14","0","19","0","2","0"
"7","RecordWriter.java","0","102","0","16","0","16","0","19","0","2","0"
"7","RemotePeerBean.java","0","41","0","5","0","6","0","16","0","2","0"
"7","RemotePeerMXBean.java","0","30","0","3","0","4","0","16","0","2","0"
"7","Request.java","2","200","6","14","18","16","4","40","6","16","0"
"7","RequestProcessor.java","0","34","0","5","0","6","0","17","0","0","0"
"7","RestMain.java","0","71","0","71","0","71","0","2","0","2","0"
"7","RuntimeExceptionMapper.java","0","44","0","44","0","44","0","2","0","2","0"
"7","SendAckRequestProcessor.java","1","72","0","5","9","8","2","38","2","16","0"
"7","SerializeUtils.java","0","97","0","24","0","31","0","8","0","10","0"
"7","ServerAdminClient.java","0","281","0","29","0","67","0","27","0","0","0"
"7","ServerBean.java","0","35","0","4","0","5","0","16","0","2","0"
"7","ServerCnxn.java","1","124","22","8","35","11","4","37","6","24","0"
"7","ServerConfig.java","0","85","0","5","0","14","0","32","0","14","0"
"7","ServerMXBean.java","0","30","0","3","0","4","0","16","0","2","0"
"7","ServerStats.java","0","119","0","18","0","21","0","26","0","10","1"
"7","SessionTracker.java","1","60","4","7","6","8","2","23","4","8","0"
"7","SessionTrackerImpl.java","1","220","1","11","11","15","4","53","6","24","0"
"7","SimpleCharStream.java","0","412","0","72","0","72","0","17","0","0","0"
"7","SnapShot.java","0","54","0","27","0","28","0","4","0","4","1"
"7","StatsTrack.java","0","91","0","91","0","91","0","2","0","2","0"
"7","SyncRequestProcessor.java","1","161","15","10","40","36","2","53","2","26","1"
"7","Token.java","0","90","0","15","0","16","0","17","0","0","0"
"7","TokenMgrError.java","0","136","0","24","0","24","0","17","0","0","0"
"7","TraceFormatter.java","1","109","2","15","2","16","2","21","2","4","0"
"7","TxnLog.java","1","105","1","35","2","36","2","6","2","6","1"
"7","UpgradeMain.java","0","162","0","81","0","81","0","4","0","2","0"
"7","UpgradeSnapShot.java","0","30","0","30","0","30","0","2","0","0","0"
"7","UpgradeSnapShotV1.java","0","300","0","75","0","79","0","8","0","8","0"
"7","Util.java","0","293","0","42","0","49","0","14","0","16","0"
"7","Utils.java","0","254","0","33","0","34","0","23","0","8","0"
"7","VerGen.java","0","116","0","9","0","18","0","26","0","4","0"
"7","Version.java","0","71","0","5","0","10","0","26","0","0","0"
"7","Vote.java","0","63","0","5","0","8","0","22","0","6","0"
"7","WatchedEvent.java","0","73","0","36","0","37","0","4","0","0","1"
"7","Watcher.java","0","113","0","11","0","14","0","25","0","6","0"
"7","WatchManager.java","0","102","0","8","0","10","0","33","0","4","0"
"7","WriteCallback.java","0","29","0","29","0","29","0","2","0","2","0"
"7","WriteLock.java","0","265","0","266","0","266","0","2","0","2","0"
"7","XmlInputArchive.java","0","226","0","35","0","37","0","19","0","2","0"
"7","XmlOutputArchive.java","0","226","0","32","0","33","0","21","0","2","0"
"7","ZChildren.java","0","72","0","72","0","72","0","2","0","2","0"
"7","ZChildrenJSON.java","0","69","0","69","0","69","0","2","0","2","0"
"7","ZError.java","0","37","0","37","0","37","0","2","0","2","0"
"7","ZErrorWriter.java","0","57","0","57","0","57","0","2","0","2","0"
"7","ZKMBeanInfo.java","0","33","0","4","0","4","0","16","0","2","0"
"7","ZNodeName.java","0","99","0","99","0","99","0","2","0","2","0"
"7","ZNodeResource.java","0","338","0","338","0","338","0","2","0","2","0"
"7","ZooDefs.java","1","103","2","10","3","11","2","30","2","8","0"
"7","ZooKeeper.java","2","1333","38","31","42","75","8","109","12","76","0"
"7","ZooKeeperMain.java","1","749","6","34","6","45","2","44","2","46","0"
"7","ZooKeeperOperation.java","0","35","0","35","0","35","0","2","0","2","0"
"7","ZooKeeperServer.java","2","632","6","21","12","113","4","90","4","50","0"
"7","ZooKeeperServerBean.java","0","103","0","10","0","14","0","20","0","8","0"
"7","ZooKeeperServerMain.java","0","112","0","10","0","15","0","22","0","28","0"
"7","ZooKeeperServerMXBean.java","0","74","0","9","0","10","0","16","0","2","0"
"7","ZooKeeperService.java","0","99","0","99","0","99","0","2","0","2","0"
"7","ZooTrace.java","0","83","0","8","0","17","0","20","0","2","0"
"7","ZPath.java","0","57","0","57","0","57","0","2","0","2","0"
"7","ZStat.java","0","96","0","96","0","96","0","2","0","2","0"
